k,gep,celltype,lineage_id,lineage_k_span,lineage_consecutive_span,lineage_size,lineage_dominant_celltype
7,1,Mono_CD14_ID1,0,7,7,7,Ambiguous/Mixed
8,1,Mono_CD14_ID1,0,7,7,7,Ambiguous/Mixed
3,1,Ambiguous/Mixed,0,7,7,7,Ambiguous/Mixed
6,1,Ambiguous/Mixed,0,7,7,7,Ambiguous/Mixed
5,1,Ambiguous/Mixed,0,7,7,7,Ambiguous/Mixed
9,1,Mono_CD14_ID1,0,7,7,7,Ambiguous/Mixed
4,1,Ambiguous/Mixed,0,7,7,7,Ambiguous/Mixed
3,2,Ambiguous/Mixed,1,3,3,3,Ambiguous/Mixed
4,2,Ambiguous/Mixed,1,3,3,3,Ambiguous/Mixed
5,2,Ambiguous/Mixed,1,3,3,3,Ambiguous/Mixed
26,21,Ambiguous/Mixed,2,33,33,595,Ambiguous/Mixed
18,17,Ambiguous/Mixed,2,33,33,595,Ambiguous/Mixed
27,4,Mast,2,33,33,595,Ambiguous/Mixed
27,13,Ambiguous/Mixed,2,33,33,595,Ambiguous/Mixed
19,9,Ambiguous/Mixed,2,33,33,595,Ambiguous/Mixed
30,9,Ambiguous/Mixed,2,33,33,595,Ambiguous/Mixed
11,5,Ambiguous/Mixed,2,33,33,595,Ambiguous/Mixed
19,18,Ambiguous/Mixed,2,33,33,595,Ambiguous/Mixed
30,18,Ambiguous/Mixed,2,33,33,595,Ambiguous/Mixed
33,20,DC_family,2,33,33,595,Ambiguous/Mixed
33,29,Ambiguous/Mixed,2,33,33,595,Ambiguous/Mixed
25,25,Ambiguous/Mixed,2,33,33,595,Ambiguous/Mixed
34,3,Mac_IL1B,2,33,33,595,Ambiguous/Mixed
22,10,DC_family,2,33,33,595,Ambiguous/Mixed
34,12,Ambiguous/Mixed,2,33,33,595,Ambiguous/Mixed
22,19,Ambiguous/Mixed,2,33,33,595,Ambiguous/Mixed
34,21,Macrophage_family,2,33,33,595,Ambiguous/Mixed
34,30,Macrophage_family,2,33,33,595,Ambiguous/Mixed
15,7,Macrophage_family,2,33,33,595,Ambiguous/Mixed
26,7,Ambiguous/Mixed,2,33,33,595,Ambiguous/Mixed
7,3,Macrophage_family,2,33,33,595,Ambiguous/Mixed
18,3,Mast,2,33,33,595,Ambiguous/Mixed
26,16,Ambiguous/Mixed,2,33,33,595,Ambiguous/Mixed
18,12,Ambiguous/Mixed,2,33,33,595,Ambiguous/Mixed
27,8,Ambiguous/Mixed,2,33,33,595,Ambiguous/Mixed
29,27,Ambiguous/Mixed,2,33,33,595,Ambiguous/Mixed
8,4,Ambiguous/Mixed,2,33,33,595,Ambiguous/Mixed
19,4,Ambiguous/Mixed,2,33,33,595,Ambiguous/Mixed
30,4,Ambiguous/Mixed,2,33,33,595,Ambiguous/Mixed
30,13,Ambiguous/Mixed,2,33,33,595,Ambiguous/Mixed
11,9,DC_family,2,33,33,595,Ambiguous/Mixed
33,6,Ambiguous/Mixed,2,33,33,595,Ambiguous/Mixed
33,15,Ambiguous/Mixed,2,33,33,595,Ambiguous/Mixed
25,11,Ambiguous/Mixed,2,33,33,595,Ambiguous/Mixed
33,24,Ambiguous/Mixed,2,33,33,595,Ambiguous/Mixed
25,20,Ambiguous/Mixed,2,33,33,595,Ambiguous/Mixed
33,33,Ambiguous/Mixed,2,33,33,595,Ambiguous/Mixed
22,5,Ambiguous/Mixed,2,33,33,595,Ambiguous/Mixed
34,7,DC_family,2,33,33,595,Ambiguous/Mixed
14,1,Monocyte_family,2,33,33,595,Ambiguous/Mixed
22,14,Ambiguous/Mixed,2,33,33,595,Ambiguous/Mixed
34,16,Ambiguous/Mixed,2,33,33,595,Ambiguous/Mixed
14,10,Ambiguous/Mixed,2,33,33,595,Ambiguous/Mixed
34,25,Ambiguous/Mixed,2,33,33,595,Ambiguous/Mixed
15,2,Mono_CD16,2,33,33,595,Ambiguous/Mixed
26,2,Ambiguous/Mixed,2,33,33,595,Ambiguous/Mixed
15,11,Ambiguous/Mixed,2,33,33,595,Ambiguous/Mixed
26,11,Ambiguous/Mixed,2,33,33,595,Ambiguous/Mixed
7,7,Mast,2,33,33,595,Ambiguous/Mixed
18,7,DC_family,2,33,33,595,Ambiguous/Mixed
26,20,Ambiguous/Mixed,2,33,33,595,Ambiguous/Mixed
18,16,Ambiguous/Mixed,2,33,33,595,Ambiguous/Mixed
29,13,Ambiguous/Mixed,2,33,33,595,Ambiguous/Mixed
29,22,Ambiguous/Mixed,2,33,33,595,Ambiguous/Mixed
21,18,Ambiguous/Mixed,2,33,33,595,Ambiguous/Mixed
11,4,Ambiguous/Mixed,2,33,33,595,Ambiguous/Mixed
33,1,Ambiguous/Mixed,2,33,33,595,Ambiguous/Mixed
10,8,Macrophage_family,2,33,33,595,Ambiguous/Mixed
33,10,Ambiguous/Mixed,2,33,33,595,Ambiguous/Mixed
25,6,Ambiguous/Mixed,2,33,33,595,Ambiguous/Mixed
33,19,Ambiguous/Mixed,2,33,33,595,Ambiguous/Mixed
25,15,Ambiguous/Mixed,2,33,33,595,Ambiguous/Mixed
33,28,Ambiguous/Mixed,2,33,33,595,Ambiguous/Mixed
25,24,Ambiguous/Mixed,2,33,33,595,Ambiguous/Mixed
34,2,DC_family,2,33,33,595,Ambiguous/Mixed
22,9,Ambiguous/Mixed,2,33,33,595,Ambiguous/Mixed
34,11,Ambiguous/Mixed,2,33,33,595,Ambiguous/Mixed
14,5,Ambiguous/Mixed,2,33,33,595,Ambiguous/Mixed
22,18,Ambiguous/Mixed,2,33,33,595,Ambiguous/Mixed
14,14,Ambiguous/Mixed,2,33,33,595,Ambiguous/Mixed
15,6,Ambiguous/Mixed,2,33,33,595,Ambiguous/Mixed
26,6,Ambiguous/Mixed,2,33,33,595,Ambiguous/Mixed
28,25,Ambiguous/Mixed,2,33,33,595,Ambiguous/Mixed
7,2,DC_family,2,33,33,595,Ambiguous/Mixed
18,2,DC_pDC,2,33,33,595,Ambiguous/Mixed
18,11,Ambiguous/Mixed,2,33,33,595,Ambiguous/Mixed
29,8,Ambiguous/Mixed,2,33,33,595,Ambiguous/Mixed
29,17,Ambiguous/Mixed,2,33,33,595,Ambiguous/Mixed
21,13,DC_family,2,33,33,595,Ambiguous/Mixed
29,26,Ambiguous/Mixed,2,33,33,595,Ambiguous/Mixed
10,3,DC_family,2,33,33,595,Ambiguous/Mixed
33,5,Ambiguous/Mixed,2,33,33,595,Ambiguous/Mixed
25,1,Ambiguous/Mixed,2,33,33,595,Ambiguous/Mixed
33,14,Macrophage_family,2,33,33,595,Ambiguous/Mixed
25,10,Ambiguous/Mixed,2,33,33,595,Ambiguous/Mixed
33,23,Ambiguous/Mixed,2,33,33,595,Ambiguous/Mixed
25,19,Ambiguous/Mixed,2,33,33,595,Ambiguous/Mixed
22,4,Macrophage_family,2,33,33,595,Ambiguous/Mixed
34,6,Mast,2,33,33,595,Ambiguous/Mixed
22,13,Ambiguous/Mixed,2,33,33,595,Ambiguous/Mixed
14,9,Ambiguous/Mixed,2,33,33,595,Ambiguous/Mixed
26,1,Ambiguous/Mixed,2,33,33,595,Ambiguous/Mixed
28,20,Ambiguous/Mixed,2,33,33,595,Ambiguous/Mixed
29,3,DC_family,2,33,33,595,Ambiguous/Mixed
29,12,Ambiguous/Mixed,2,33,33,595,Ambiguous/Mixed
21,8,Macrophage_family,2,33,33,595,Ambiguous/Mixed
29,21,Macrophage_family,2,33,33,595,Ambiguous/Mixed
21,17,Ambiguous/Mixed,2,33,33,595,Ambiguous/Mixed
10,7,DC_pDC,2,33,33,595,Ambiguous/Mixed
33,9,Ambiguous/Mixed,2,33,33,595,Ambiguous/Mixed
25,5,Mac_IL1B,2,33,33,595,Ambiguous/Mixed
33,18,Ambiguous/Mixed,2,33,33,595,Ambiguous/Mixed
32,31,Ambiguous/Mixed,2,33,33,595,Ambiguous/Mixed
22,8,Macrophage_family,2,33,33,595,Ambiguous/Mixed
35,27,Ambiguous/Mixed,2,33,33,595,Ambiguous/Mixed
14,4,Macrophage_family,2,33,33,595,Ambiguous/Mixed
17,6,Ambiguous/Mixed,2,33,33,595,Ambiguous/Mixed
28,6,Ambiguous/Mixed,2,33,33,595,Ambiguous/Mixed
17,15,Ambiguous/Mixed,2,33,33,595,Ambiguous/Mixed
28,15,Ambiguous/Mixed,2,33,33,595,Ambiguous/Mixed
28,24,Ambiguous/Mixed,2,33,33,595,Ambiguous/Mixed
6,5,DC_pDC,2,33,33,595,Ambiguous/Mixed
29,7,Ambiguous/Mixed,2,33,33,595,Ambiguous/Mixed
21,3,Macrophage_family,2,33,33,595,Ambiguous/Mixed
29,16,Ambiguous/Mixed,2,33,33,595,Ambiguous/Mixed
21,12,Ambiguous/Mixed,2,33,33,595,Ambiguous/Mixed
29,25,Ambiguous/Mixed,2,33,33,595,Ambiguous/Mixed
21,21,Ambiguous/Mixed,2,33,33,595,Ambiguous/Mixed
10,2,Mono_CD16,2,33,33,595,Ambiguous/Mixed
33,4,Ambiguous/Mixed,2,33,33,595,Ambiguous/Mixed
25,9,Ambiguous/Mixed,2,33,33,595,Ambiguous/Mixed
32,8,Ambiguous/Mixed,2,33,33,595,Ambiguous/Mixed
32,17,Ambiguous/Mixed,2,33,33,595,Ambiguous/Mixed
13,13,Macrophage_family,2,33,33,595,Ambiguous/Mixed
24,13,DC_family,2,33,33,595,Ambiguous/Mixed
32,26,Ambiguous/Mixed,2,33,33,595,Ambiguous/Mixed
24,22,Ambiguous/Mixed,2,33,33,595,Ambiguous/Mixed
35,22,DC_family,2,33,33,595,Ambiguous/Mixed
17,1,Ambiguous/Mixed,2,33,33,595,Ambiguous/Mixed
28,1,Ambiguous/Mixed,2,33,33,595,Ambiguous/Mixed
17,10,Ambiguous/Mixed,2,33,33,595,Ambiguous/Mixed
28,10,Ambiguous/Mixed,2,33,33,595,Ambiguous/Mixed
9,6,DC_pDC,2,33,33,595,Ambiguous/Mixed
28,19,Ambiguous/Mixed,2,33,33,595,Ambiguous/Mixed
28,28,Ambiguous/Mixed,2,33,33,595,Ambiguous/Mixed
29,2,Ambiguous/Mixed,2,33,33,595,Ambiguous/Mixed
29,11,Ambiguous/Mixed,2,33,33,595,Ambiguous/Mixed
21,7,Ambiguous/Mixed,2,33,33,595,Ambiguous/Mixed
21,16,Mast,2,33,33,595,Ambiguous/Mixed
20,20,Ambiguous/Mixed,2,33,33,595,Ambiguous/Mixed
31,29,Ambiguous/Mixed,2,33,33,595,Ambiguous/Mixed
10,6,Ambiguous/Mixed,2,33,33,595,Ambiguous/Mixed
32,3,Ambiguous/Mixed,2,33,33,595,Ambiguous/Mixed
32,12,Ambiguous/Mixed,2,33,33,595,Ambiguous/Mixed
13,8,Macrophage_family,2,33,33,595,Ambiguous/Mixed
24,8,DC_family,2,33,33,595,Ambiguous/Mixed
32,21,Ambiguous/Mixed,2,33,33,595,Ambiguous/Mixed
35,8,Ambiguous/Mixed,2,33,33,595,Ambiguous/Mixed
24,17,Ambiguous/Mixed,2,33,33,595,Ambiguous/Mixed
35,17,Ambiguous/Mixed,2,33,33,595,Ambiguous/Mixed
32,30,Ambiguous/Mixed,2,33,33,595,Ambiguous/Mixed
16,13,Ambiguous/Mixed,2,33,33,595,Ambiguous/Mixed
35,26,Ambiguous/Mixed,2,33,33,595,Ambiguous/Mixed
35,35,Monocyte_family,2,33,33,595,Ambiguous/Mixed
5,3,Ambiguous/Mixed,2,33,33,595,Ambiguous/Mixed
17,5,Ambiguous/Mixed,2,33,33,595,Ambiguous/Mixed
28,5,Ambiguous/Mixed,2,33,33,595,Ambiguous/Mixed
17,14,Ambiguous/Mixed,2,33,33,595,Ambiguous/Mixed
28,14,Ambiguous/Mixed,2,33,33,595,Ambiguous/Mixed
28,23,Ambiguous/Mixed,2,33,33,595,Ambiguous/Mixed
6,4,Ambiguous/Mixed,2,33,33,595,Ambiguous/Mixed
29,6,Ambiguous/Mixed,2,33,33,595,Ambiguous/Mixed
21,2,Monocyte_family,2,33,33,595,Ambiguous/Mixed
20,15,Ambiguous/Mixed,2,33,33,595,Ambiguous/Mixed
31,15,Ambiguous/Mixed,2,33,33,595,Ambiguous/Mixed
31,24,Ambiguous/Mixed,2,33,33,595,Ambiguous/Mixed
23,20,Ambiguous/Mixed,2,33,33,595,Ambiguous/Mixed
32,7,DC_family,2,33,33,595,Ambiguous/Mixed
13,3,DC_family,2,33,33,595,Ambiguous/Mixed
24,3,Ambiguous/Mixed,2,33,33,595,Ambiguous/Mixed
32,16,Ambiguous/Mixed,2,33,33,595,Ambiguous/Mixed
35,3,Ambiguous/Mixed,2,33,33,595,Ambiguous/Mixed
13,12,Ambiguous/Mixed,2,33,33,595,Ambiguous/Mixed
24,12,Mac_SPP1,2,33,33,595,Ambiguous/Mixed
35,12,Ambiguous/Mixed,2,33,33,595,Ambiguous/Mixed
16,8,Ambiguous/Mixed,2,33,33,595,Ambiguous/Mixed
24,21,Ambiguous/Mixed,2,33,33,595,Ambiguous/Mixed
35,21,Ambiguous/Mixed,2,33,33,595,Ambiguous/Mixed
35,30,Ambiguous/Mixed,2,33,33,595,Ambiguous/Mixed
17,9,Ambiguous/Mixed,2,33,33,595,Ambiguous/Mixed
28,9,Ambiguous/Mixed,2,33,33,595,Ambiguous/Mixed
9,5,Ambiguous/Mixed,2,33,33,595,Ambiguous/Mixed
28,18,Ambiguous/Mixed,2,33,33,595,Ambiguous/Mixed
27,22,Ambiguous/Mixed,2,33,33,595,Ambiguous/Mixed
30,27,Ambiguous/Mixed,2,33,33,595,Ambiguous/Mixed
20,1,Monocyte_family,2,33,33,595,Ambiguous/Mixed
31,1,DC_family,2,33,33,595,Ambiguous/Mixed
20,10,Ambiguous/Mixed,2,33,33,595,Ambiguous/Mixed
31,10,Ambiguous/Mixed,2,33,33,595,Ambiguous/Mixed
12,6,Ambiguous/Mixed,2,33,33,595,Ambiguous/Mixed
23,6,DC_pDC,2,33,33,595,Ambiguous/Mixed
20,19,Ambiguous/Mixed,2,33,33,595,Ambiguous/Mixed
31,19,Ambiguous/Mixed,2,33,33,595,Ambiguous/Mixed
23,15,DC_family,2,33,33,595,Ambiguous/Mixed
31,28,Ambiguous/Mixed,2,33,33,595,Ambiguous/Mixed
32,2,Ambiguous/Mixed,2,33,33,595,Ambiguous/Mixed
32,11,Ambiguous/Mixed,2,33,33,595,Ambiguous/Mixed
13,7,Ambiguous/Mixed,2,33,33,595,Ambiguous/Mixed
24,7,DC_family,2,33,33,595,Ambiguous/Mixed
32,20,Ambiguous/Mixed,2,33,33,595,Ambiguous/Mixed
16,3,Ambiguous/Mixed,2,33,33,595,Ambiguous/Mixed
35,7,Ambiguous/Mixed,2,33,33,595,Ambiguous/Mixed
24,16,Ambiguous/Mixed,2,33,33,595,Ambiguous/Mixed
35,16,Ambiguous/Mixed,2,33,33,595,Ambiguous/Mixed
16,12,DC_family,2,33,33,595,Ambiguous/Mixed
35,25,Ambiguous/Mixed,2,33,33,595,Ambiguous/Mixed
17,4,Mast,2,33,33,595,Ambiguous/Mixed
28,4,Ambiguous/Mixed,2,33,33,595,Ambiguous/Mixed
9,9,Mast,2,33,33,595,Ambiguous/Mixed
27,17,Macrophage_family,2,33,33,595,Ambiguous/Mixed
19,13,Ambiguous/Mixed,2,33,33,595,Ambiguous/Mixed
30,22,DC_family,2,33,33,595,Ambiguous/Mixed
20,5,Ambiguous/Mixed,2,33,33,595,Ambiguous/Mixed
31,5,Ambiguous/Mixed,2,33,33,595,Ambiguous/Mixed
12,1,Monocyte_family,2,33,33,595,Ambiguous/Mixed
23,1,Monocyte_family,2,33,33,595,Ambiguous/Mixed
20,14,Ambiguous/Mixed,2,33,33,595,Ambiguous/Mixed
31,14,Macrophage_family,2,33,33,595,Ambiguous/Mixed
12,10,DC_family,2,33,33,595,Ambiguous/Mixed
23,10,DC_family,2,33,33,595,Ambiguous/Mixed
23,19,Ambiguous/Mixed,2,33,33,595,Ambiguous/Mixed
32,6,Ambiguous/Mixed,2,33,33,595,Ambiguous/Mixed
13,2,Mono_CD16,2,33,33,595,Ambiguous/Mixed
24,2,Ambiguous/Mixed,2,33,33,595,Ambiguous/Mixed
35,2,Ambiguous/Mixed,2,33,33,595,Ambiguous/Mixed
34,34,Ambiguous/Mixed,2,33,33,595,Ambiguous/Mixed
13,11,Mast,2,33,33,595,Ambiguous/Mixed
24,11,Ambiguous/Mixed,2,33,33,595,Ambiguous/Mixed
35,11,Ambiguous/Mixed,2,33,33,595,Ambiguous/Mixed
16,7,Ambiguous/Mixed,2,33,33,595,Ambiguous/Mixed
16,16,Ambiguous/Mixed,2,33,33,595,Ambiguous/Mixed
27,3,Ambiguous/Mixed,2,33,33,595,Ambiguous/Mixed
27,12,Ambiguous/Mixed,2,33,33,595,Ambiguous/Mixed
8,8,Mast,2,33,33,595,Ambiguous/Mixed
19,8,DC_family,2,33,33,595,Ambiguous/Mixed
27,21,Ambiguous/Mixed,2,33,33,595,Ambiguous/Mixed
30,8,Ambiguous/Mixed,2,33,33,595,Ambiguous/Mixed
19,17,Ambiguous/Mixed,2,33,33,595,Ambiguous/Mixed
30,17,Ambiguous/Mixed,2,33,33,595,Ambiguous/Mixed
20,9,Macrophage_family,2,33,33,595,Ambiguous/Mixed
31,9,Ambiguous/Mixed,2,33,33,595,Ambiguous/Mixed
12,5,Ambiguous/Mixed,2,33,33,595,Ambiguous/Mixed
23,5,Ambiguous/Mixed,2,33,33,595,Ambiguous/Mixed
20,18,Ambiguous/Mixed,2,33,33,595,Ambiguous/Mixed
31,18,Ambiguous/Mixed,2,33,33,595,Ambiguous/Mixed
23,14,Ambiguous/Mixed,2,33,33,595,Ambiguous/Mixed
23,23,Ambiguous/Mixed,2,33,33,595,Ambiguous/Mixed
32,1,DC_pDC,2,33,33,595,Ambiguous/Mixed
34,20,Mast,2,33,33,595,Ambiguous/Mixed
34,29,Ambiguous/Mixed,2,33,33,595,Ambiguous/Mixed
24,6,Ambiguous/Mixed,2,33,33,595,Ambiguous/Mixed
35,6,Ambiguous/Mixed,2,33,33,595,Ambiguous/Mixed
16,2,Ambiguous/Mixed,2,33,33,595,Ambiguous/Mixed
15,15,Ambiguous/Mixed,2,33,33,595,Ambiguous/Mixed
26,15,Mac_SPP1,2,33,33,595,Ambiguous/Mixed
26,24,Macrophage_family,2,33,33,595,Ambiguous/Mixed
27,7,Ambiguous/Mixed,2,33,33,595,Ambiguous/Mixed
8,3,Macrophage_family,2,33,33,595,Ambiguous/Mixed
19,3,Ambiguous/Mixed,2,33,33,595,Ambiguous/Mixed
27,16,Ambiguous/Mixed,2,33,33,595,Ambiguous/Mixed
30,3,Ambiguous/Mixed,2,33,33,595,Ambiguous/Mixed
19,12,Ambiguous/Mixed,2,33,33,595,Ambiguous/Mixed
30,12,Ambiguous/Mixed,2,33,33,595,Ambiguous/Mixed
27,25,Ambiguous/Mixed,2,33,33,595,Ambiguous/Mixed
11,8,Ambiguous/Mixed,2,33,33,595,Ambiguous/Mixed
30,21,Ambiguous/Mixed,2,33,33,595,Ambiguous/Mixed
20,4,Macrophage_family,2,33,33,595,Ambiguous/Mixed
31,4,Mac_SPP1,2,33,33,595,Ambiguous/Mixed
20,13,Mast,2,33,33,595,Ambiguous/Mixed
31,13,Ambiguous/Mixed,2,33,33,595,Ambiguous/Mixed
33,32,Ambiguous/Mixed,2,33,33,595,Ambiguous/Mixed
12,9,Ambiguous/Mixed,2,33,33,595,Ambiguous/Mixed
23,9,Ambiguous/Mixed,2,33,33,595,Ambiguous/Mixed
23,18,Ambiguous/Mixed,2,33,33,595,Ambiguous/Mixed
34,15,Ambiguous/Mixed,2,33,33,595,Ambiguous/Mixed
22,22,Ambiguous/Mixed,2,33,33,595,Ambiguous/Mixed
34,24,Ambiguous/Mixed,2,33,33,595,Ambiguous/Mixed
34,33,DC_family,2,33,33,595,Ambiguous/Mixed
15,1,Mono_CD14_ID1,2,33,33,595,Ambiguous/Mixed
15,10,Mast,2,33,33,595,Ambiguous/Mixed
26,10,Ambiguous/Mixed,2,33,33,595,Ambiguous/Mixed
7,6,DC_pDC,2,33,33,595,Ambiguous/Mixed
18,6,Ambiguous/Mixed,2,33,33,595,Ambiguous/Mixed
26,19,Ambiguous/Mixed,2,33,33,595,Ambiguous/Mixed
18,15,Macrophage_family,2,33,33,595,Ambiguous/Mixed
27,2,Ambiguous/Mixed,2,33,33,595,Ambiguous/Mixed
27,11,Ambiguous/Mixed,2,33,33,595,Ambiguous/Mixed
8,7,Macrophage_family,2,33,33,595,Ambiguous/Mixed
19,7,Ambiguous/Mixed,2,33,33,595,Ambiguous/Mixed
27,20,Ambiguous/Mixed,2,33,33,595,Ambiguous/Mixed
11,3,Macrophage_family,2,33,33,595,Ambiguous/Mixed
30,7,Ambiguous/Mixed,2,33,33,595,Ambiguous/Mixed
19,16,Ambiguous/Mixed,2,33,33,595,Ambiguous/Mixed
30,16,Ambiguous/Mixed,2,33,33,595,Ambiguous/Mixed
30,25,Ambiguous/Mixed,2,33,33,595,Ambiguous/Mixed
33,27,Ambiguous/Mixed,2,33,33,595,Ambiguous/Mixed
12,4,Macrophage_family,2,33,33,595,Ambiguous/Mixed
23,4,Macrophage_family,2,33,33,595,Ambiguous/Mixed
25,23,Ambiguous/Mixed,2,33,33,595,Ambiguous/Mixed
34,1,Ambiguous/Mixed,2,33,33,595,Ambiguous/Mixed
34,10,Ambiguous/Mixed,2,33,33,595,Ambiguous/Mixed
22,17,Ambiguous/Mixed,2,33,33,595,Ambiguous/Mixed
34,19,Ambiguous/Mixed,2,33,33,595,Ambiguous/Mixed
14,13,Ambiguous/Mixed,2,33,33,595,Ambiguous/Mixed
34,28,Ambiguous/Mixed,2,33,33,595,Ambiguous/Mixed
15,5,Ambiguous/Mixed,2,33,33,595,Ambiguous/Mixed
26,5,Mast,2,33,33,595,Ambiguous/Mixed
18,1,Ambiguous/Mixed,2,33,33,595,Ambiguous/Mixed
15,14,Ambiguous/Mixed,2,33,33,595,Ambiguous/Mixed
26,14,Ambiguous/Mixed,2,33,33,595,Ambiguous/Mixed
18,10,Ambiguous/Mixed,2,33,33,595,Ambiguous/Mixed
26,23,Macrophage_family,2,33,33,595,Ambiguous/Mixed
27,6,Ambiguous/Mixed,2,33,33,595,Ambiguous/Mixed
8,2,DC_family,2,33,33,595,Ambiguous/Mixed
19,2,DC_pDC,2,33,33,595,Ambiguous/Mixed
30,2,Ambiguous/Mixed,2,33,33,595,Ambiguous/Mixed
19,11,Ambiguous/Mixed,2,33,33,595,Ambiguous/Mixed
30,11,Ambiguous/Mixed,2,33,33,595,Ambiguous/Mixed
11,7,Macrophage_family,2,33,33,595,Ambiguous/Mixed
33,13,Ambiguous/Mixed,2,33,33,595,Ambiguous/Mixed
33,22,Ambiguous/Mixed,2,33,33,595,Ambiguous/Mixed
25,18,Ambiguous/Mixed,2,33,33,595,Ambiguous/Mixed
33,31,Ambiguous/Mixed,2,33,33,595,Ambiguous/Mixed
22,3,Mono_CD16,2,33,33,595,Ambiguous/Mixed
34,5,Ambiguous/Mixed,2,33,33,595,Ambiguous/Mixed
22,12,Ambiguous/Mixed,2,33,33,595,Ambiguous/Mixed
34,14,Ambiguous/Mixed,2,33,33,595,Ambiguous/Mixed
14,8,Macrophage_family,2,33,33,595,Ambiguous/Mixed
22,21,Ambiguous/Mixed,2,33,33,595,Ambiguous/Mixed
34,23,Ambiguous/Mixed,2,33,33,595,Ambiguous/Mixed
15,9,DC_family,2,33,33,595,Ambiguous/Mixed
26,9,Ambiguous/Mixed,2,33,33,595,Ambiguous/Mixed
7,5,Ambiguous/Mixed,2,33,33,595,Ambiguous/Mixed
18,5,Ambiguous/Mixed,2,33,33,595,Ambiguous/Mixed
26,18,Ambiguous/Mixed,2,33,33,595,Ambiguous/Mixed
18,14,Ambiguous/Mixed,2,33,33,595,Ambiguous/Mixed
27,1,Ambiguous/Mixed,2,33,33,595,Ambiguous/Mixed
29,20,Ambiguous/Mixed,2,33,33,595,Ambiguous/Mixed
29,29,Ambiguous/Mixed,2,33,33,595,Ambiguous/Mixed
19,6,Ambiguous/Mixed,2,33,33,595,Ambiguous/Mixed
30,6,Ambiguous/Mixed,2,33,33,595,Ambiguous/Mixed
11,2,DC_family,2,33,33,595,Ambiguous/Mixed
33,8,Ambiguous/Mixed,2,33,33,595,Ambiguous/Mixed
25,4,DC_pDC,2,33,33,595,Ambiguous/Mixed
33,17,Ambiguous/Mixed,2,33,33,595,Ambiguous/Mixed
25,13,Ambiguous/Mixed,2,33,33,595,Ambiguous/Mixed
33,26,Ambiguous/Mixed,2,33,33,595,Ambiguous/Mixed
25,22,Ambiguous/Mixed,2,33,33,595,Ambiguous/Mixed
22,7,Ambiguous/Mixed,2,33,33,595,Ambiguous/Mixed
34,9,Ambiguous/Mixed,2,33,33,595,Ambiguous/Mixed
3,3,Ambiguous/Mixed,2,33,33,595,Ambiguous/Mixed
14,3,DC_family,2,33,33,595,Ambiguous/Mixed
22,16,Mast,2,33,33,595,Ambiguous/Mixed
34,18,Ambiguous/Mixed,2,33,33,595,Ambiguous/Mixed
14,12,Mast,2,33,33,595,Ambiguous/Mixed
15,4,DC_pDC,2,33,33,595,Ambiguous/Mixed
26,4,Ambiguous/Mixed,2,33,33,595,Ambiguous/Mixed
15,13,Ambiguous/Mixed,2,33,33,595,Ambiguous/Mixed
26,13,Ambiguous/Mixed,2,33,33,595,Ambiguous/Mixed
18,9,Ambiguous/Mixed,2,33,33,595,Ambiguous/Mixed
18,18,Ambiguous/Mixed,2,33,33,595,Ambiguous/Mixed
29,15,Ambiguous/Mixed,2,33,33,595,Ambiguous/Mixed
21,11,Ambiguous/Mixed,2,33,33,595,Ambiguous/Mixed
29,24,Ambiguous/Mixed,2,33,33,595,Ambiguous/Mixed
21,20,Ambiguous/Mixed,2,33,33,595,Ambiguous/Mixed
10,1,Monocyte_family,2,33,33,595,Ambiguous/Mixed
33,3,DC_pDC,2,33,33,595,Ambiguous/Mixed
10,10,Mast,2,33,33,595,Ambiguous/Mixed
33,12,Ambiguous/Mixed,2,33,33,595,Ambiguous/Mixed
25,8,Ambiguous/Mixed,2,33,33,595,Ambiguous/Mixed
33,21,Ambiguous/Mixed,2,33,33,595,Ambiguous/Mixed
25,17,Ambiguous/Mixed,2,33,33,595,Ambiguous/Mixed
33,30,Ambiguous/Mixed,2,33,33,595,Ambiguous/Mixed
22,2,cDC2_CD33,2,33,33,595,Ambiguous/Mixed
34,4,Ambiguous/Mixed,2,33,33,595,Ambiguous/Mixed
22,11,Ambiguous/Mixed,2,33,33,595,Ambiguous/Mixed
14,7,DC_pDC,2,33,33,595,Ambiguous/Mixed
22,20,Ambiguous/Mixed,2,33,33,595,Ambiguous/Mixed
28,27,Ambiguous/Mixed,2,33,33,595,Ambiguous/Mixed
7,4,Ambiguous/Mixed,2,33,33,595,Ambiguous/Mixed
18,4,Ambiguous/Mixed,2,33,33,595,Ambiguous/Mixed
29,1,Ambiguous/Mixed,2,33,33,595,Ambiguous/Mixed
26,12,Ambiguous/Mixed,2,33,33,595,Ambiguous/Mixed
29,10,Ambiguous/Mixed,2,33,33,595,Ambiguous/Mixed
21,6,Ambiguous/Mixed,2,33,33,595,Ambiguous/Mixed
29,19,Ambiguous/Mixed,2,33,33,595,Ambiguous/Mixed
21,15,Ambiguous/Mixed,2,33,33,595,Ambiguous/Mixed
29,28,Ambiguous/Mixed,2,33,33,595,Ambiguous/Mixed
10,5,Ambiguous/Mixed,2,33,33,595,Ambiguous/Mixed
33,7,Ambiguous/Mixed,2,33,33,595,Ambiguous/Mixed
25,3,Ambiguous/Mixed,2,33,33,595,Ambiguous/Mixed
33,16,DC_family,2,33,33,595,Ambiguous/Mixed
25,12,Ambiguous/Mixed,2,33,33,595,Ambiguous/Mixed
25,21,Ambiguous/Mixed,2,33,33,595,Ambiguous/Mixed
22,6,DC_pDC,2,33,33,595,Ambiguous/Mixed
14,2,Mono_CD16,2,33,33,595,Ambiguous/Mixed
35,34,Ambiguous/Mixed,2,33,33,595,Ambiguous/Mixed
14,11,DC_family,2,33,33,595,Ambiguous/Mixed
17,13,Ambiguous/Mixed,2,33,33,595,Ambiguous/Mixed
28,13,Ambiguous/Mixed,2,33,33,595,Ambiguous/Mixed
28,22,Macrophage_family,2,33,33,595,Ambiguous/Mixed
6,3,Macrophage_family,2,33,33,595,Ambiguous/Mixed
29,5,Ambiguous/Mixed,2,33,33,595,Ambiguous/Mixed
21,1,cDC2_CD33,2,33,33,595,Ambiguous/Mixed
29,14,Ambiguous/Mixed,2,33,33,595,Ambiguous/Mixed
21,10,DC_family,2,33,33,595,Ambiguous/Mixed
29,23,Ambiguous/Mixed,2,33,33,595,Ambiguous/Mixed
21,19,Ambiguous/Mixed,2,33,33,595,Ambiguous/Mixed
33,2,Ambiguous/Mixed,2,33,33,595,Ambiguous/Mixed
10,9,DC_family,2,33,33,595,Ambiguous/Mixed
33,11,DC_family,2,33,33,595,Ambiguous/Mixed
25,7,Mast,2,33,33,595,Ambiguous/Mixed
25,16,Ambiguous/Mixed,2,33,33,595,Ambiguous/Mixed
32,15,Ambiguous/Mixed,2,33,33,595,Ambiguous/Mixed
32,24,Ambiguous/Mixed,2,33,33,595,Ambiguous/Mixed
22,1,Monocyte_family,2,33,33,595,Ambiguous/Mixed
24,20,DC_family,2,33,33,595,Ambiguous/Mixed
35,20,Ambiguous/Mixed,2,33,33,595,Ambiguous/Mixed
35,29,Macrophage_family,2,33,33,595,Ambiguous/Mixed
14,6,Ambiguous/Mixed,2,33,33,595,Ambiguous/Mixed
17,8,Ambiguous/Mixed,2,33,33,595,Ambiguous/Mixed
28,8,Ambiguous/Mixed,2,33,33,595,Ambiguous/Mixed
9,4,Ambiguous/Mixed,2,33,33,595,Ambiguous/Mixed
17,17,Ambiguous/Mixed,2,33,33,595,Ambiguous/Mixed
28,17,Ambiguous/Mixed,2,33,33,595,Ambiguous/Mixed
28,26,Ambiguous/Mixed,2,33,33,595,Ambiguous/Mixed
29,9,Ambiguous/Mixed,2,33,33,595,Ambiguous/Mixed
21,5,DC_pDC,2,33,33,595,Ambiguous/Mixed
29,18,Macrophage_family,2,33,33,595,Ambiguous/Mixed
21,14,Ambiguous/Mixed,2,33,33,595,Ambiguous/Mixed
31,27,Ambiguous/Mixed,2,33,33,595,Ambiguous/Mixed
10,4,Macrophage_family,2,33,33,595,Ambiguous/Mixed
25,2,DC_family,2,33,33,595,Ambiguous/Mixed
32,10,Ambiguous/Mixed,2,33,33,595,Ambiguous/Mixed
13,6,DC_pDC,2,33,33,595,Ambiguous/Mixed
24,15,Ambiguous/Mixed,2,33,33,595,Ambiguous/Mixed
35,15,Ambiguous/Mixed,2,33,33,595,Ambiguous/Mixed
32,28,Ambiguous/Mixed,2,33,33,595,Ambiguous/Mixed
16,11,Ambiguous/Mixed,2,33,33,595,Ambiguous/Mixed
24,24,Ambiguous/Mixed,2,33,33,595,Ambiguous/Mixed
35,24,Ambiguous/Mixed,2,33,33,595,Ambiguous/Mixed
17,3,Ambiguous/Mixed,2,33,33,595,Ambiguous/Mixed
28,3,Ambiguous/Mixed,2,33,33,595,Ambiguous/Mixed
17,12,Ambiguous/Mixed,2,33,33,595,Ambiguous/Mixed
28,12,Ambiguous/Mixed,2,33,33,595,Ambiguous/Mixed
9,8,DC_family,2,33,33,595,Ambiguous/Mixed
28,21,Ambiguous/Mixed,2,33,33,595,Ambiguous/Mixed
6,2,DC_family,2,33,33,595,Ambiguous/Mixed
29,4,Ambiguous/Mixed,2,33,33,595,Ambiguous/Mixed
21,9,Ambiguous/Mixed,2,33,33,595,Ambiguous/Mixed
31,22,Ambiguous/Mixed,2,33,33,595,Ambiguous/Mixed
31,31,DC_family,2,33,33,595,Ambiguous/Mixed
32,5,Ambiguous/Mixed,2,33,33,595,Ambiguous/Mixed
13,1,Monocyte_family,2,33,33,595,Ambiguous/Mixed
24,1,Mono_CD16,2,33,33,595,Ambiguous/Mixed
32,14,Ambiguous/Mixed,2,33,33,595,Ambiguous/Mixed
35,1,DC_pDC,2,33,33,595,Ambiguous/Mixed
13,10,DC_family,2,33,33,595,Ambiguous/Mixed
24,10,Ambiguous/Mixed,2,33,33,595,Ambiguous/Mixed
32,23,Ambiguous/Mixed,2,33,33,595,Ambiguous/Mixed
16,6,Ambiguous/Mixed,2,33,33,595,Ambiguous/Mixed
35,10,DC_family,2,33,33,595,Ambiguous/Mixed
24,19,Ambiguous/Mixed,2,33,33,595,Ambiguous/Mixed
35,19,Ambiguous/Mixed,2,33,33,595,Ambiguous/Mixed
16,15,Ambiguous/Mixed,2,33,33,595,Ambiguous/Mixed
35,28,Ambiguous/Mixed,2,33,33,595,Ambiguous/Mixed
5,5,Mast,2,33,33,595,Ambiguous/Mixed
17,7,DC_family,2,33,33,595,Ambiguous/Mixed
28,7,Ambiguous/Mixed,2,33,33,595,Ambiguous/Mixed
9,3,Macrophage_family,2,33,33,595,Ambiguous/Mixed
17,16,Ambiguous/Mixed,2,33,33,595,Ambiguous/Mixed
28,16,Ambiguous/Mixed,2,33,33,595,Ambiguous/Mixed
6,6,Mast,2,33,33,595,Ambiguous/Mixed
21,4,Ambiguous/Mixed,2,33,33,595,Ambiguous/Mixed
20,8,Ambiguous/Mixed,2,33,33,595,Ambiguous/Mixed
31,8,DC_family,2,33,33,595,Ambiguous/Mixed
20,17,Ambiguous/Mixed,2,33,33,595,Ambiguous/Mixed
31,17,Ambiguous/Mixed,2,33,33,595,Ambiguous/Mixed
23,13,Ambiguous/Mixed,2,33,33,595,Ambiguous/Mixed
23,22,Ambiguous/Mixed,2,33,33,595,Ambiguous/Mixed
32,9,Ambiguous/Mixed,2,33,33,595,Ambiguous/Mixed
13,5,Ambiguous/Mixed,2,33,33,595,Ambiguous/Mixed
24,5,Ambiguous/Mixed,2,33,33,595,Ambiguous/Mixed
32,18,Ambiguous/Mixed,2,33,33,595,Ambiguous/Mixed
16,1,Ambiguous/Mixed,2,33,33,595,Ambiguous/Mixed
35,5,Ambiguous/Mixed,2,33,33,595,Ambiguous/Mixed
24,14,Ambiguous/Mixed,2,33,33,595,Ambiguous/Mixed
35,14,Ambiguous/Mixed,2,33,33,595,Ambiguous/Mixed
32,27,Ambiguous/Mixed,2,33,33,595,Ambiguous/Mixed
16,10,Ambiguous/Mixed,2,33,33,595,Ambiguous/Mixed
24,23,Macrophage_family,2,33,33,595,Ambiguous/Mixed
35,23,Macrophage_family,2,33,33,595,Ambiguous/Mixed
35,32,Ambiguous/Mixed,2,33,33,595,Ambiguous/Mixed
17,2,DC_pDC,2,33,33,595,Ambiguous/Mixed
28,2,DC_family,2,33,33,595,Ambiguous/Mixed
17,11,Ambiguous/Mixed,2,33,33,595,Ambiguous/Mixed
28,11,Ambiguous/Mixed,2,33,33,595,Ambiguous/Mixed
9,7,Macrophage_family,2,33,33,595,Ambiguous/Mixed
27,15,Ambiguous/Mixed,2,33,33,595,Ambiguous/Mixed
27,24,Macrophage_family,2,33,33,595,Ambiguous/Mixed
30,20,Ambiguous/Mixed,2,33,33,595,Ambiguous/Mixed
30,29,Ambiguous/Mixed,2,33,33,595,Ambiguous/Mixed
20,3,Mono_CD16,2,33,33,595,Ambiguous/Mixed
31,3,Ambiguous/Mixed,2,33,33,595,Ambiguous/Mixed
20,12,Ambiguous/Mixed,2,33,33,595,Ambiguous/Mixed
31,12,Ambiguous/Mixed,2,33,33,595,Ambiguous/Mixed
12,8,Macrophage_family,2,33,33,595,Ambiguous/Mixed
23,8,Ambiguous/Mixed,2,33,33,595,Ambiguous/Mixed
31,21,Ambiguous/Mixed,2,33,33,595,Ambiguous/Mixed
4,4,Ambiguous/Mixed,2,33,33,595,Ambiguous/Mixed
23,17,Mast,2,33,33,595,Ambiguous/Mixed
31,30,Ambiguous/Mixed,2,33,33,595,Ambiguous/Mixed
32,4,Ambiguous/Mixed,2,33,33,595,Ambiguous/Mixed
32,13,Macrophage_family,2,33,33,595,Ambiguous/Mixed
13,9,Ambiguous/Mixed,2,33,33,595,Ambiguous/Mixed
24,9,Ambiguous/Mixed,2,33,33,595,Ambiguous/Mixed
35,9,Mast,2,33,33,595,Ambiguous/Mixed
16,5,Mast,2,33,33,595,Ambiguous/Mixed
24,18,Ambiguous/Mixed,2,33,33,595,Ambiguous/Mixed
35,18,Ambiguous/Mixed,2,33,33,595,Ambiguous/Mixed
16,14,Ambiguous/Mixed,2,33,33,595,Ambiguous/Mixed
5,4,Ambiguous/Mixed,2,33,33,595,Ambiguous/Mixed
9,2,DC_family,2,33,33,595,Ambiguous/Mixed
27,10,Ambiguous/Mixed,2,33,33,595,Ambiguous/Mixed
8,6,DC_pDC,2,33,33,595,Ambiguous/Mixed
27,19,Ambiguous/Mixed,2,33,33,595,Ambiguous/Mixed
19,15,Ambiguous/Mixed,2,33,33,595,Ambiguous/Mixed
11,11,Ambiguous/Mixed,2,33,33,595,Ambiguous/Mixed
30,24,Ambiguous/Mixed,2,33,33,595,Ambiguous/Mixed
20,7,DC_family,2,33,33,595,Ambiguous/Mixed
31,7,Mast,2,33,33,595,Ambiguous/Mixed
12,3,DC_family,2,33,33,595,Ambiguous/Mixed
23,3,Mono_CD16,2,33,33,595,Ambiguous/Mixed
20,16,Ambiguous/Mixed,2,33,33,595,Ambiguous/Mixed
31,16,Ambiguous/Mixed,2,33,33,595,Ambiguous/Mixed
12,12,Ambiguous/Mixed,2,33,33,595,Ambiguous/Mixed
23,12,Ambiguous/Mixed,2,33,33,595,Ambiguous/Mixed
31,25,Monocyte_family,2,33,33,595,Ambiguous/Mixed
23,21,Ambiguous/Mixed,2,33,33,595,Ambiguous/Mixed
34,27,Ambiguous/Mixed,2,33,33,595,Ambiguous/Mixed
13,4,Macrophage_family,2,33,33,595,Ambiguous/Mixed
24,4,DC_pDC,2,33,33,595,Ambiguous/Mixed
35,4,Ambiguous/Mixed,2,33,33,595,Ambiguous/Mixed
35,13,Ambiguous/Mixed,2,33,33,595,Ambiguous/Mixed
16,9,Ambiguous/Mixed,2,33,33,595,Ambiguous/Mixed
26,22,Ambiguous/Mixed,2,33,33,595,Ambiguous/Mixed
27,5,Ambiguous/Mixed,2,33,33,595,Ambiguous/Mixed
19,1,Mac_SPP1,2,33,33,595,Ambiguous/Mixed
30,1,Ambiguous/Mixed,2,33,33,595,Ambiguous/Mixed
27,14,Ambiguous/Mixed,2,33,33,595,Ambiguous/Mixed
19,10,Mast,2,33,33,595,Ambiguous/Mixed
30,10,Ambiguous/Mixed,2,33,33,595,Ambiguous/Mixed
27,23,Ambiguous/Mixed,2,33,33,595,Ambiguous/Mixed
11,6,DC_pDC,2,33,33,595,Ambiguous/Mixed
19,19,Ambiguous/Mixed,2,33,33,595,Ambiguous/Mixed
30,19,Macrophage_family,2,33,33,595,Ambiguous/Mixed
20,2,cDC2_CD33,2,33,33,595,Ambiguous/Mixed
31,2,Ambiguous/Mixed,2,33,33,595,Ambiguous/Mixed
20,11,DC_family,2,33,33,595,Ambiguous/Mixed
31,11,Ambiguous/Mixed,2,33,33,595,Ambiguous/Mixed
12,7,DC_pDC,2,33,33,595,Ambiguous/Mixed
23,7,Ambiguous/Mixed,2,33,33,595,Ambiguous/Mixed
31,20,Ambiguous/Mixed,2,33,33,595,Ambiguous/Mixed
4,3,Ambiguous/Mixed,2,33,33,595,Ambiguous/Mixed
23,16,Macrophage_family,2,33,33,595,Ambiguous/Mixed
34,13,Ambiguous/Mixed,2,33,33,595,Ambiguous/Mixed
34,31,Ambiguous/Mixed,2,33,33,595,Ambiguous/Mixed
16,4,Ambiguous/Mixed,2,33,33,595,Ambiguous/Mixed
15,8,DC_family,2,33,33,595,Ambiguous/Mixed
26,8,Ambiguous/Mixed,2,33,33,595,Ambiguous/Mixed
26,17,Ambiguous/Mixed,2,33,33,595,Ambiguous/Mixed
18,13,Ambiguous/Mixed,2,33,33,595,Ambiguous/Mixed
26,26,Ambiguous/Mixed,2,33,33,595,Ambiguous/Mixed
27,9,DC_family,2,33,33,595,Ambiguous/Mixed
8,5,Ambiguous/Mixed,2,33,33,595,Ambiguous/Mixed
19,5,DC_family,2,33,33,595,Ambiguous/Mixed
30,5,Ambiguous/Mixed,2,33,33,595,Ambiguous/Mixed
19,14,Ambiguous/Mixed,2,33,33,595,Ambiguous/Mixed
30,14,Ambiguous/Mixed,2,33,33,595,Ambiguous/Mixed
11,10,Mast,2,33,33,595,Ambiguous/Mixed
30,23,Ambiguous/Mixed,2,33,33,595,Ambiguous/Mixed
20,6,Ambiguous/Mixed,2,33,33,595,Ambiguous/Mixed
31,6,Ambiguous/Mixed,2,33,33,595,Ambiguous/Mixed
12,2,Mono_CD16,2,33,33,595,Ambiguous/Mixed
23,2,cDC2_CD33,2,33,33,595,Ambiguous/Mixed
12,11,Mast,2,33,33,595,Ambiguous/Mixed
23,11,Macrophage_family,2,33,33,595,Ambiguous/Mixed
34,8,Ambiguous/Mixed,2,33,33,595,Ambiguous/Mixed
22,15,DC_family,2,33,33,595,Ambiguous/Mixed
34,17,Ambiguous/Mixed,2,33,33,595,Ambiguous/Mixed
34,26,Ambiguous/Mixed,2,33,33,595,Ambiguous/Mixed
15,3,Ambiguous/Mixed,2,33,33,595,Ambiguous/Mixed
26,3,Ambiguous/Mixed,2,33,33,595,Ambiguous/Mixed
15,12,Ambiguous/Mixed,2,33,33,595,Ambiguous/Mixed
18,8,Ambiguous/Mixed,2,33,33,595,Ambiguous/Mixed
11,1,Ambiguous/Mixed,3,1,1,1,Ambiguous/Mixed
27,26,Ambiguous/Mixed,4,3,3,3,Ambiguous/Mixed
25,14,Ambiguous/Mixed,4,3,3,3,Ambiguous/Mixed
26,25,Ambiguous/Mixed,4,3,3,3,Ambiguous/Mixed
27,18,Ambiguous/Mixed,5,1,1,1,Ambiguous/Mixed
27,27,Ambiguous/Mixed,6,1,1,1,Ambiguous/Mixed
32,22,Ambiguous/Mixed,7,4,4,4,Ambiguous/Mixed
31,23,Ambiguous/Mixed,7,4,4,4,Ambiguous/Mixed
30,15,Ambiguous/Mixed,7,4,4,4,Ambiguous/Mixed
33,25,Ambiguous/Mixed,7,4,4,4,Ambiguous/Mixed
32,25,Ambiguous/Mixed,8,3,3,4,Ambiguous/Mixed
30,26,Ambiguous/Mixed,8,3,3,4,Ambiguous/Mixed
31,26,Ambiguous/Mixed,8,3,3,4,Ambiguous/Mixed
32,19,Ambiguous/Mixed,8,3,3,4,Ambiguous/Mixed
30,28,Ambiguous/Mixed,9,1,1,1,Ambiguous/Mixed
30,30,Ambiguous/Mixed,10,1,1,1,Ambiguous/Mixed
32,29,Ambiguous/Mixed,11,1,1,1,Ambiguous/Mixed
32,32,Ambiguous/Mixed,12,1,1,1,Ambiguous/Mixed
34,22,Ambiguous/Mixed,13,1,1,1,Ambiguous/Mixed
34,32,Ambiguous/Mixed,14,1,1,1,Ambiguous/Mixed
35,31,Ambiguous/Mixed,15,1,1,1,Ambiguous/Mixed
35,33,Ambiguous/Mixed,16,1,1,1,Ambiguous/Mixed
