k_parent,k_child,parent_gep,child_gep,similarity,parent_celltype,child_celltype,celltype_match
3,4,1,1,0.997,Ambiguous/Mixed,Ambiguous/Mixed,True
3,4,2,2,0.9968,Ambiguous/Mixed,Ambiguous/Mixed,True
3,4,3,3,0.999,Ambiguous/Mixed,Ambiguous/Mixed,True
3,4,3,4,0.976,Ambiguous/Mixed,Ambiguous/Mixed,True
4,5,1,1,1.0,Ambiguous/Mixed,Ambiguous/Mixed,True
4,5,2,2,0.996,Ambiguous/Mixed,Ambiguous/Mixed,True
4,5,3,3,0.9998,Ambiguous/Mixed,Ambiguous/Mixed,True
4,5,4,4,1.0,Ambiguous/Mixed,Ambiguous/Mixed,True
4,5,3,5,0.9896,Ambiguous/Mixed,Mast,False
5,6,1,1,0.9974,Ambiguous/Mixed,Ambiguous/Mixed,True
5,6,3,2,0.9922,Ambiguous/Mixed,DC_family,False
5,6,4,3,0.9921,Ambiguous/Mixed,Macrophage_family,False
5,6,4,4,0.9999,Ambiguous/Mixed,Ambiguous/Mixed,True
5,6,3,5,0.9993,Ambiguous/Mixed,DC_pDC,False
5,6,5,6,0.9999,Mast,Mast,True
6,7,1,1,0.7073,Ambiguous/Mixed,Mono_CD14_ID1,False
6,7,2,2,0.9973,DC_family,DC_family,True
6,7,3,3,0.9994,Macrophage_family,Macrophage_family,True
6,7,2,4,0.9946,DC_family,Ambiguous/Mixed,False
6,7,4,5,1.0,Ambiguous/Mixed,Ambiguous/Mixed,True
6,7,5,6,0.9998,DC_pDC,DC_pDC,True
6,7,6,7,1.0,Mast,Mast,True
7,8,1,1,0.9958,Mono_CD14_ID1,Mono_CD14_ID1,True
7,8,2,2,1.0,DC_family,DC_family,True
7,8,3,3,0.9992,Macrophage_family,Macrophage_family,True
7,8,4,4,0.9997,Ambiguous/Mixed,Ambiguous/Mixed,True
7,8,5,5,0.9999,Ambiguous/Mixed,Ambiguous/Mixed,True
7,8,6,6,1.0,DC_pDC,DC_pDC,True
7,8,3,7,0.9981,Macrophage_family,Macrophage_family,True
7,8,7,8,1.0,Mast,Mast,True
8,9,1,1,0.9999,Mono_CD14_ID1,Mono_CD14_ID1,True
8,9,2,2,0.9999,DC_family,DC_family,True
8,9,3,3,1.0,Macrophage_family,Macrophage_family,True
8,9,4,4,0.9994,Ambiguous/Mixed,Ambiguous/Mixed,True
8,9,5,5,1.0,Ambiguous/Mixed,Ambiguous/Mixed,True
8,9,6,6,1.0,DC_pDC,DC_pDC,True
8,9,7,7,1.0,Macrophage_family,Macrophage_family,True
8,9,4,8,0.9975,Ambiguous/Mixed,DC_family,False
8,9,8,9,0.9999,Mast,Mast,True
9,10,5,1,0.335,Ambiguous/Mixed,Monocyte_family,False
9,10,2,2,0.9584,DC_family,Mono_CD16,False
9,10,2,3,0.9988,DC_family,DC_family,True
9,10,3,4,0.9999,Macrophage_family,Macrophage_family,True
9,10,5,5,0.9995,Ambiguous/Mixed,Ambiguous/Mixed,True
9,10,4,6,0.9984,Ambiguous/Mixed,Ambiguous/Mixed,True
9,10,6,7,0.9993,DC_pDC,DC_pDC,True
9,10,7,8,0.9998,Macrophage_family,Macrophage_family,True
9,10,8,9,0.9991,DC_family,DC_family,True
9,10,9,10,1.0,Mast,Mast,True
10,11,,1,0.2365,,Ambiguous/Mixed,False
10,11,3,2,0.9999,DC_family,DC_family,True
10,11,4,3,0.9999,Macrophage_family,Macrophage_family,True
10,11,5,4,0.9994,Ambiguous/Mixed,Ambiguous/Mixed,True
10,11,6,5,0.9998,Ambiguous/Mixed,Ambiguous/Mixed,True
10,11,7,6,0.9998,DC_pDC,DC_pDC,True
10,11,8,7,1.0,Macrophage_family,Macrophage_family,True
10,11,9,8,0.9972,DC_family,Ambiguous/Mixed,False
10,11,9,9,0.9996,DC_family,DC_family,True
10,11,10,10,1.0,Mast,Mast,True
10,11,10,11,0.9984,Mast,Ambiguous/Mixed,False
11,12,4,1,0.3383,Ambiguous/Mixed,Monocyte_family,False
11,12,2,2,0.7897,DC_family,Mono_CD16,False
11,12,2,3,1.0,DC_family,DC_family,True
11,12,3,4,1.0,Macrophage_family,Macrophage_family,True
11,12,5,5,0.9998,Ambiguous/Mixed,Ambiguous/Mixed,True
11,12,4,6,0.9996,Ambiguous/Mixed,Ambiguous/Mixed,True
11,12,6,7,0.9998,DC_pDC,DC_pDC,True
11,12,7,8,1.0,Macrophage_family,Macrophage_family,True
11,12,8,9,1.0,Ambiguous/Mixed,Ambiguous/Mixed,True
11,12,9,10,0.9997,DC_family,DC_family,True
11,12,10,11,1.0,Mast,Mast,True
11,12,11,12,0.9999,Ambiguous/Mixed,Ambiguous/Mixed,True
12,13,1,1,1.0,Monocyte_family,Monocyte_family,True
12,13,2,2,1.0,Mono_CD16,Mono_CD16,True
12,13,3,3,0.9996,DC_family,DC_family,True
12,13,4,4,1.0,Macrophage_family,Macrophage_family,True
12,13,5,5,1.0,Ambiguous/Mixed,Ambiguous/Mixed,True
12,13,7,6,1.0,DC_pDC,DC_pDC,True
12,13,6,7,0.9999,Ambiguous/Mixed,Ambiguous/Mixed,True
12,13,8,8,1.0,Macrophage_family,Macrophage_family,True
12,13,9,9,1.0,Ambiguous/Mixed,Ambiguous/Mixed,True
12,13,10,10,1.0,DC_family,DC_family,True
12,13,11,11,1.0,Mast,Mast,True
12,13,12,12,1.0,Ambiguous/Mixed,Ambiguous/Mixed,True
12,13,12,13,0.9995,Ambiguous/Mixed,Macrophage_family,False
13,14,1,1,0.7264,Monocyte_family,Monocyte_family,True
13,14,2,2,0.9998,Mono_CD16,Mono_CD16,True
13,14,3,3,0.9988,DC_family,DC_family,True
13,14,4,4,0.9999,Macrophage_family,Macrophage_family,True
13,14,5,5,0.9969,Ambiguous/Mixed,Ambiguous/Mixed,True
13,14,5,6,0.9999,Ambiguous/Mixed,Ambiguous/Mixed,True
13,14,6,7,0.9999,DC_pDC,DC_pDC,True
13,14,8,8,1.0,Macrophage_family,Macrophage_family,True
13,14,7,9,0.9995,Ambiguous/Mixed,Ambiguous/Mixed,True
13,14,9,10,1.0,Ambiguous/Mixed,Ambiguous/Mixed,True
13,14,10,11,0.9999,DC_family,DC_family,True
13,14,11,12,1.0,Mast,Mast,True
13,14,13,13,1.0,Macrophage_family,Ambiguous/Mixed,False
13,14,12,14,1.0,Ambiguous/Mixed,Ambiguous/Mixed,True
14,15,1,1,0.4423,Monocyte_family,Mono_CD14_ID1,False
14,15,2,2,0.7049,Mono_CD16,Mono_CD16,True
14,15,3,3,0.9955,DC_family,Ambiguous/Mixed,False
14,15,7,4,0.9956,DC_pDC,DC_pDC,True
14,15,9,5,0.9998,Ambiguous/Mixed,Ambiguous/Mixed,True
14,15,10,6,0.9998,Ambiguous/Mixed,Ambiguous/Mixed,True
14,15,4,7,0.8137,Macrophage_family,Macrophage_family,True
14,15,11,8,0.9989,DC_family,DC_family,True
14,15,11,9,0.9988,DC_family,DC_family,True
14,15,12,10,0.9941,Mast,Mast,True
14,15,13,11,0.9992,Ambiguous/Mixed,Ambiguous/Mixed,True
14,15,13,12,0.9991,Ambiguous/Mixed,Ambiguous/Mixed,True
14,15,14,13,0.9996,Ambiguous/Mixed,Ambiguous/Mixed,True
14,15,13,14,0.9997,Ambiguous/Mixed,Ambiguous/Mixed,True
14,15,13,15,0.9998,Ambiguous/Mixed,Ambiguous/Mixed,True
15,16,2,1,0.8317,Mono_CD16,Ambiguous/Mixed,False
15,16,9,2,0.9964,DC_family,Ambiguous/Mixed,False
15,16,7,3,0.9921,Macrophage_family,Ambiguous/Mixed,False
15,16,12,4,0.9999,Ambiguous/Mixed,Ambiguous/Mixed,True
15,16,13,5,0.998,Ambiguous/Mixed,Mast,False
15,16,13,6,0.9992,Ambiguous/Mixed,Ambiguous/Mixed,True
15,16,15,7,0.9992,Ambiguous/Mixed,Ambiguous/Mixed,True
15,16,10,8,0.9935,Mast,Ambiguous/Mixed,False
15,16,6,9,0.4577,Ambiguous/Mixed,Ambiguous/Mixed,True
15,16,15,10,0.9989,Ambiguous/Mixed,Ambiguous/Mixed,True
15,16,14,11,0.9997,Ambiguous/Mixed,Ambiguous/Mixed,True
15,16,9,12,0.9991,DC_family,DC_family,True
15,16,10,13,0.6857,Mast,Ambiguous/Mixed,False
15,16,14,14,0.9999,Ambiguous/Mixed,Ambiguous/Mixed,True
15,16,14,15,0.9998,Ambiguous/Mixed,Ambiguous/Mixed,True
15,16,7,16,0.9995,Macrophage_family,Ambiguous/Mixed,False
16,17,1,1,0.9981,Ambiguous/Mixed,Ambiguous/Mixed,True
16,17,2,2,0.5475,Ambiguous/Mixed,DC_pDC,False
16,17,8,3,0.8435,Ambiguous/Mixed,Ambiguous/Mixed,True
16,17,5,4,0.9993,Mast,Mast,True
16,17,6,5,0.9992,Ambiguous/Mixed,Ambiguous/Mixed,True
16,17,7,6,0.9998,Ambiguous/Mixed,Ambiguous/Mixed,True
16,17,8,7,0.9995,Ambiguous/Mixed,DC_family,False
16,17,16,8,0.7843,Ambiguous/Mixed,Ambiguous/Mixed,True
16,17,9,9,0.7365,Ambiguous/Mixed,Ambiguous/Mixed,True
16,17,10,10,0.9997,Ambiguous/Mixed,Ambiguous/Mixed,True
16,17,12,11,0.9998,DC_family,Ambiguous/Mixed,False
16,17,11,12,1.0,Ambiguous/Mixed,Ambiguous/Mixed,True
16,17,13,13,0.7695,Ambiguous/Mixed,Ambiguous/Mixed,True
16,17,14,14,1.0,Ambiguous/Mixed,Ambiguous/Mixed,True
16,17,15,15,0.9999,Ambiguous/Mixed,Ambiguous/Mixed,True
16,17,16,16,1.0,Ambiguous/Mixed,Ambiguous/Mixed,True
16,17,9,17,0.5404,Ambiguous/Mixed,Ambiguous/Mixed,True
17,18,1,1,0.9986,Ambiguous/Mixed,Ambiguous/Mixed,True
17,18,2,2,0.9977,DC_pDC,DC_pDC,True
17,18,4,3,0.9989,Mast,Mast,True
17,18,5,4,0.9999,Ambiguous/Mixed,Ambiguous/Mixed,True
17,18,9,5,0.7133,Ambiguous/Mixed,Ambiguous/Mixed,True
17,18,17,6,0.4817,Ambiguous/Mixed,Ambiguous/Mixed,True
17,18,7,7,0.9994,DC_family,DC_family,True
17,18,12,8,1.0,Ambiguous/Mixed,Ambiguous/Mixed,True
17,18,11,9,0.9996,Ambiguous/Mixed,Ambiguous/Mixed,True
17,18,10,10,1.0,Ambiguous/Mixed,Ambiguous/Mixed,True
17,18,12,11,1.0,Ambiguous/Mixed,Ambiguous/Mixed,True
17,18,13,12,0.5693,Ambiguous/Mixed,Ambiguous/Mixed,True
17,18,13,13,0.5666,Ambiguous/Mixed,Ambiguous/Mixed,True
17,18,14,14,0.9999,Ambiguous/Mixed,Ambiguous/Mixed,True
17,18,12,15,0.9999,Ambiguous/Mixed,Macrophage_family,False
17,18,12,16,1.0,Ambiguous/Mixed,Ambiguous/Mixed,True
17,18,16,17,1.0,Ambiguous/Mixed,Ambiguous/Mixed,True
17,18,9,18,0.5145,Ambiguous/Mixed,Ambiguous/Mixed,True
18,19,1,1,0.9813,Ambiguous/Mixed,Mac_SPP1,False
18,19,2,2,0.9954,DC_pDC,DC_pDC,True
18,19,10,3,0.9831,Ambiguous/Mixed,Ambiguous/Mixed,True
18,19,10,4,0.9906,Ambiguous/Mixed,Ambiguous/Mixed,True
18,19,7,5,0.9755,DC_family,DC_family,True
18,19,7,6,0.8388,DC_family,Ambiguous/Mixed,False
18,19,7,7,0.8201,DC_family,Ambiguous/Mixed,False
18,19,16,8,0.9988,Ambiguous/Mixed,DC_family,False
18,19,10,9,0.9952,Ambiguous/Mixed,Ambiguous/Mixed,True
18,19,3,10,0.9978,Mast,Mast,True
18,19,15,11,0.9987,Macrophage_family,Ambiguous/Mixed,False
18,19,4,12,0.9995,Ambiguous/Mixed,Ambiguous/Mixed,True
18,19,7,13,0.998,DC_family,Ambiguous/Mixed,False
18,19,11,14,1.0,Ambiguous/Mixed,Ambiguous/Mixed,True
18,19,4,15,0.9979,Ambiguous/Mixed,Ambiguous/Mixed,True
18,19,14,16,0.999,Ambiguous/Mixed,Ambiguous/Mixed,True
18,19,4,17,0.9985,Ambiguous/Mixed,Ambiguous/Mixed,True
18,19,15,18,0.9995,Macrophage_family,Ambiguous/Mixed,False
18,19,8,19,0.9997,Ambiguous/Mixed,Ambiguous/Mixed,True
19,20,4,1,0.3272,Ambiguous/Mixed,Monocyte_family,False
19,20,3,2,0.8329,Ambiguous/Mixed,cDC2_CD33,False
19,20,8,3,0.9723,DC_family,Mono_CD16,False
19,20,4,4,0.9942,Ambiguous/Mixed,Macrophage_family,False
19,20,9,5,0.9927,Ambiguous/Mixed,Ambiguous/Mixed,True
19,20,9,6,0.9963,Ambiguous/Mixed,Ambiguous/Mixed,True
19,20,9,7,0.9936,Ambiguous/Mixed,DC_family,False
19,20,18,8,0.9974,Ambiguous/Mixed,Ambiguous/Mixed,True
19,20,9,9,0.9947,Ambiguous/Mixed,Macrophage_family,False
19,20,9,10,0.9959,Ambiguous/Mixed,Ambiguous/Mixed,True
19,20,9,11,0.9959,Ambiguous/Mixed,DC_family,False
19,20,9,12,0.9986,Ambiguous/Mixed,Ambiguous/Mixed,True
19,20,12,13,0.9978,Ambiguous/Mixed,Mast,False
19,20,18,14,0.9991,Ambiguous/Mixed,Ambiguous/Mixed,True
19,20,19,15,0.9995,Ambiguous/Mixed,Ambiguous/Mixed,True
19,20,14,16,0.9998,Ambiguous/Mixed,Ambiguous/Mixed,True
19,20,14,17,0.9996,Ambiguous/Mixed,Ambiguous/Mixed,True
19,20,14,18,0.9997,Ambiguous/Mixed,Ambiguous/Mixed,True
19,20,14,19,0.9998,Ambiguous/Mixed,Ambiguous/Mixed,True
19,20,14,20,0.9999,Ambiguous/Mixed,Ambiguous/Mixed,True
20,21,2,1,0.8906,cDC2_CD33,cDC2_CD33,True
20,21,1,2,0.6716,Monocyte_family,Monocyte_family,True
20,21,4,3,0.9994,Macrophage_family,Macrophage_family,True
20,21,5,4,0.9956,Ambiguous/Mixed,Ambiguous/Mixed,True
20,21,8,5,0.9984,Ambiguous/Mixed,DC_pDC,False
20,21,5,6,0.9987,Ambiguous/Mixed,Ambiguous/Mixed,True
20,21,6,7,0.9993,Ambiguous/Mixed,Ambiguous/Mixed,True
20,21,9,8,0.999,Macrophage_family,Macrophage_family,True
20,21,6,9,0.998,Ambiguous/Mixed,Ambiguous/Mixed,True
20,21,7,10,0.9988,DC_family,DC_family,True
20,21,10,11,0.9997,Ambiguous/Mixed,Ambiguous/Mixed,True
20,21,14,12,0.998,Ambiguous/Mixed,Ambiguous/Mixed,True
20,21,11,13,0.9991,DC_family,DC_family,True
20,21,9,14,0.9978,Macrophage_family,Ambiguous/Mixed,False
20,21,12,15,0.9993,Ambiguous/Mixed,Ambiguous/Mixed,True
20,21,13,16,0.9995,Mast,Mast,True
20,21,14,17,0.9985,Ambiguous/Mixed,Ambiguous/Mixed,True
20,21,19,18,0.9994,Ambiguous/Mixed,Ambiguous/Mixed,True
20,21,15,19,1.0,Ambiguous/Mixed,Ambiguous/Mixed,True
20,21,18,20,0.9997,Ambiguous/Mixed,Ambiguous/Mixed,True
20,21,17,21,0.9998,Ambiguous/Mixed,Ambiguous/Mixed,True
21,22,2,1,0.5698,Monocyte_family,Monocyte_family,True
21,22,1,2,0.8808,cDC2_CD33,cDC2_CD33,True
21,22,18,3,0.9716,Ambiguous/Mixed,Mono_CD16,False
21,22,3,4,0.999,Macrophage_family,Macrophage_family,True
21,22,4,5,1.0,Ambiguous/Mixed,Ambiguous/Mixed,True
21,22,5,6,0.9994,DC_pDC,DC_pDC,True
21,22,6,7,1.0,Ambiguous/Mixed,Ambiguous/Mixed,True
21,22,8,8,0.9992,Macrophage_family,Macrophage_family,True
21,22,7,9,0.9991,Ambiguous/Mixed,Ambiguous/Mixed,True
21,22,10,10,0.9997,DC_family,DC_family,True
21,22,9,11,0.9995,Ambiguous/Mixed,Ambiguous/Mixed,True
21,22,11,12,0.9994,Ambiguous/Mixed,Ambiguous/Mixed,True
21,22,14,13,0.9998,Ambiguous/Mixed,Ambiguous/Mixed,True
21,22,12,14,0.9999,Ambiguous/Mixed,Ambiguous/Mixed,True
21,22,13,15,0.9992,DC_family,DC_family,True
21,22,16,16,0.9999,Mast,Mast,True
21,22,15,17,0.9998,Ambiguous/Mixed,Ambiguous/Mixed,True
21,22,17,18,0.9995,Ambiguous/Mixed,Ambiguous/Mixed,True
21,22,18,19,0.9999,Ambiguous/Mixed,Ambiguous/Mixed,True
21,22,19,20,1.0,Ambiguous/Mixed,Ambiguous/Mixed,True
21,22,20,21,1.0,Ambiguous/Mixed,Ambiguous/Mixed,True
21,22,21,22,1.0,Ambiguous/Mixed,Ambiguous/Mixed,True
22,23,1,1,0.9996,Monocyte_family,Monocyte_family,True
22,23,2,2,1.0,cDC2_CD33,cDC2_CD33,True
22,23,3,3,1.0,Mono_CD16,Mono_CD16,True
22,23,4,4,1.0,Macrophage_family,Macrophage_family,True
22,23,5,5,0.9998,Ambiguous/Mixed,Ambiguous/Mixed,True
22,23,6,6,1.0,DC_pDC,DC_pDC,True
22,23,7,7,0.9991,Ambiguous/Mixed,Ambiguous/Mixed,True
22,23,9,8,1.0,Ambiguous/Mixed,Ambiguous/Mixed,True
22,23,13,9,1.0,Ambiguous/Mixed,Ambiguous/Mixed,True
22,23,10,10,1.0,DC_family,DC_family,True
22,23,8,11,0.9999,Macrophage_family,Macrophage_family,True
22,23,11,12,1.0,Ambiguous/Mixed,Ambiguous/Mixed,True
22,23,14,13,1.0,Ambiguous/Mixed,Ambiguous/Mixed,True
22,23,12,14,0.9999,Ambiguous/Mixed,Ambiguous/Mixed,True
22,23,15,15,1.0,DC_family,DC_family,True
22,23,7,16,0.9991,Ambiguous/Mixed,Macrophage_family,False
22,23,16,17,1.0,Mast,Mast,True
22,23,17,18,1.0,Ambiguous/Mixed,Ambiguous/Mixed,True
22,23,19,19,1.0,Ambiguous/Mixed,Ambiguous/Mixed,True
22,23,18,20,1.0,Ambiguous/Mixed,Ambiguous/Mixed,True
22,23,20,21,1.0,Ambiguous/Mixed,Ambiguous/Mixed,True
22,23,21,22,1.0,Ambiguous/Mixed,Ambiguous/Mixed,True
22,23,22,23,1.0,Ambiguous/Mixed,Ambiguous/Mixed,True
23,24,2,1,0.5181,cDC2_CD33,Mono_CD16,False
23,24,7,2,0.4743,Ambiguous/Mixed,Ambiguous/Mixed,True
23,24,9,3,0.9816,Ambiguous/Mixed,Ambiguous/Mixed,True
23,24,6,4,0.991,DC_pDC,DC_pDC,True
23,24,14,5,0.9968,Ambiguous/Mixed,Ambiguous/Mixed,True
23,24,7,6,0.8481,Ambiguous/Mixed,Ambiguous/Mixed,True
23,24,15,7,0.9986,DC_family,DC_family,True
23,24,20,8,0.9994,Ambiguous/Mixed,DC_family,False
23,24,13,9,0.9992,Ambiguous/Mixed,Ambiguous/Mixed,True
23,24,23,10,0.9993,Ambiguous/Mixed,Ambiguous/Mixed,True
23,24,9,11,0.9931,Ambiguous/Mixed,Ambiguous/Mixed,True
23,24,9,12,0.9981,Ambiguous/Mixed,Mac_SPP1,False
23,24,20,13,0.9996,Ambiguous/Mixed,DC_family,False
23,24,22,14,0.9995,Ambiguous/Mixed,Ambiguous/Mixed,True
23,24,22,15,0.9991,Ambiguous/Mixed,Ambiguous/Mixed,True
23,24,22,16,0.9995,Ambiguous/Mixed,Ambiguous/Mixed,True
23,24,22,17,0.9993,Ambiguous/Mixed,Ambiguous/Mixed,True
23,24,8,18,0.9949,Ambiguous/Mixed,Ambiguous/Mixed,True
23,24,22,19,0.9992,Ambiguous/Mixed,Ambiguous/Mixed,True
23,24,22,20,0.9993,Ambiguous/Mixed,DC_family,False
23,24,22,21,0.9999,Ambiguous/Mixed,Ambiguous/Mixed,True
23,24,23,22,0.9983,Ambiguous/Mixed,Ambiguous/Mixed,True
23,24,22,23,0.9996,Ambiguous/Mixed,Macrophage_family,False
23,24,22,24,0.9993,Ambiguous/Mixed,Ambiguous/Mixed,True
24,25,6,1,0.9785,Ambiguous/Mixed,Ambiguous/Mixed,True
24,25,12,2,0.9835,Mac_SPP1,DC_family,False
24,25,4,3,0.9929,DC_pDC,Ambiguous/Mixed,False
24,25,9,4,0.9951,Ambiguous/Mixed,DC_pDC,False
24,25,2,5,0.7429,Ambiguous/Mixed,Mac_IL1B,False
24,25,8,6,0.9979,DC_family,Ambiguous/Mixed,False
24,25,6,7,0.9404,Ambiguous/Mixed,Mast,False
24,25,12,8,0.9957,Mac_SPP1,Ambiguous/Mixed,False
24,25,12,9,0.9874,Mac_SPP1,Ambiguous/Mixed,False
24,25,12,10,0.9974,Mac_SPP1,Ambiguous/Mixed,False
24,25,13,11,0.996,DC_family,Ambiguous/Mixed,False
24,25,13,12,0.9984,DC_family,Ambiguous/Mixed,False
24,25,16,13,0.9988,Ambiguous/Mixed,Ambiguous/Mixed,True
24,25,,14,0.2804,,Ambiguous/Mixed,False
24,25,18,15,0.9979,Ambiguous/Mixed,Ambiguous/Mixed,True
24,25,18,16,0.996,Ambiguous/Mixed,Ambiguous/Mixed,True
24,25,19,17,1.0,Ambiguous/Mixed,Ambiguous/Mixed,True
24,25,13,18,0.9982,DC_family,Ambiguous/Mixed,False
24,25,3,19,0.8773,Ambiguous/Mixed,Ambiguous/Mixed,True
24,25,22,20,0.9995,Ambiguous/Mixed,Ambiguous/Mixed,True
24,25,22,21,0.9995,Ambiguous/Mixed,Ambiguous/Mixed,True
24,25,3,22,0.4916,Ambiguous/Mixed,Ambiguous/Mixed,True
24,25,19,23,1.0,Ambiguous/Mixed,Ambiguous/Mixed,True
24,25,3,24,0.5233,Ambiguous/Mixed,Ambiguous/Mixed,True
24,25,24,25,1.0,Ambiguous/Mixed,Ambiguous/Mixed,True
25,26,3,1,0.9984,Ambiguous/Mixed,Ambiguous/Mixed,True
25,26,23,2,0.9974,Ambiguous/Mixed,Ambiguous/Mixed,True
25,26,1,3,0.9674,Ambiguous/Mixed,Ambiguous/Mixed,True
25,26,17,4,0.9988,Ambiguous/Mixed,Ambiguous/Mixed,True
25,26,15,5,0.9969,Ambiguous/Mixed,Mast,False
25,26,12,6,0.9994,Ambiguous/Mixed,Ambiguous/Mixed,True
25,26,12,7,0.9987,Ambiguous/Mixed,Ambiguous/Mixed,True
25,26,18,8,0.9992,Ambiguous/Mixed,Ambiguous/Mixed,True
25,26,17,9,0.9997,Ambiguous/Mixed,Ambiguous/Mixed,True
25,26,17,10,0.9996,Ambiguous/Mixed,Ambiguous/Mixed,True
25,26,17,11,0.9995,Ambiguous/Mixed,Ambiguous/Mixed,True
25,26,15,12,0.9965,Ambiguous/Mixed,Ambiguous/Mixed,True
25,26,18,13,0.998,Ambiguous/Mixed,Ambiguous/Mixed,True
25,26,23,14,0.63,Ambiguous/Mixed,Ambiguous/Mixed,True
25,26,18,15,0.9978,Ambiguous/Mixed,Mac_SPP1,False
25,26,23,16,0.794,Ambiguous/Mixed,Ambiguous/Mixed,True
25,26,23,17,1.0,Ambiguous/Mixed,Ambiguous/Mixed,True
25,26,22,18,1.0,Ambiguous/Mixed,Ambiguous/Mixed,True
25,26,21,19,0.999,Ambiguous/Mixed,Ambiguous/Mixed,True
25,26,22,20,0.7363,Ambiguous/Mixed,Ambiguous/Mixed,True
25,26,20,21,0.9998,Ambiguous/Mixed,Ambiguous/Mixed,True
25,26,16,22,0.4368,Ambiguous/Mixed,Ambiguous/Mixed,True
25,26,17,23,0.9997,Ambiguous/Mixed,Macrophage_family,False
25,26,17,24,0.9999,Ambiguous/Mixed,Macrophage_family,False
25,26,14,25,0.667,Ambiguous/Mixed,Ambiguous/Mixed,True
25,26,22,26,0.5434,Ambiguous/Mixed,Ambiguous/Mixed,True
26,27,1,1,0.9952,Ambiguous/Mixed,Ambiguous/Mixed,True
26,27,6,2,0.974,Ambiguous/Mixed,Ambiguous/Mixed,True
26,27,2,3,0.9996,Ambiguous/Mixed,Ambiguous/Mixed,True
26,27,12,4,0.9976,Ambiguous/Mixed,Mast,False
26,27,21,5,0.9982,Ambiguous/Mixed,Ambiguous/Mixed,True
26,27,6,6,0.9993,Ambiguous/Mixed,Ambiguous/Mixed,True
26,27,10,7,0.9996,Ambiguous/Mixed,Ambiguous/Mixed,True
26,27,17,8,0.9999,Ambiguous/Mixed,Ambiguous/Mixed,True
26,27,24,9,0.9998,Macrophage_family,DC_family,False
26,27,10,10,0.9999,Ambiguous/Mixed,Ambiguous/Mixed,True
26,27,17,11,1.0,Ambiguous/Mixed,Ambiguous/Mixed,True
26,27,24,12,0.9999,Macrophage_family,Ambiguous/Mixed,False
26,27,17,13,1.0,Ambiguous/Mixed,Ambiguous/Mixed,True
26,27,12,14,0.9993,Ambiguous/Mixed,Ambiguous/Mixed,True
26,27,13,15,0.9995,Ambiguous/Mixed,Ambiguous/Mixed,True
26,27,1,16,0.8158,Ambiguous/Mixed,Ambiguous/Mixed,True
26,27,15,17,0.9965,Mac_SPP1,Macrophage_family,False
26,27,,18,0.2609,,Ambiguous/Mixed,False
26,27,16,19,0.6102,Ambiguous/Mixed,Ambiguous/Mixed,True
26,27,21,20,0.9995,Ambiguous/Mixed,Ambiguous/Mixed,True
26,27,11,21,0.7946,Ambiguous/Mixed,Ambiguous/Mixed,True
26,27,21,22,0.9998,Ambiguous/Mixed,Ambiguous/Mixed,True
26,27,16,23,1.0,Ambiguous/Mixed,Ambiguous/Mixed,True
26,27,24,24,1.0,Macrophage_family,Macrophage_family,True
26,27,17,25,0.9999,Ambiguous/Mixed,Ambiguous/Mixed,True
26,27,25,26,0.6939,Ambiguous/Mixed,Ambiguous/Mixed,True
26,27,,27,0.2858,,Ambiguous/Mixed,False
27,28,2,1,0.6058,Ambiguous/Mixed,Ambiguous/Mixed,True
27,28,17,2,0.7256,Macrophage_family,DC_family,False
27,28,3,3,0.9963,Ambiguous/Mixed,Ambiguous/Mixed,True
27,28,9,4,0.9992,DC_family,Ambiguous/Mixed,False
27,28,4,5,0.9915,Mast,Ambiguous/Mixed,False
27,28,6,6,0.9936,Ambiguous/Mixed,Ambiguous/Mixed,True
27,28,6,7,0.9968,Ambiguous/Mixed,Ambiguous/Mixed,True
27,28,24,8,0.9997,Macrophage_family,Ambiguous/Mixed,False
27,28,16,9,0.6112,Ambiguous/Mixed,Ambiguous/Mixed,True
27,28,13,10,0.9999,Ambiguous/Mixed,Ambiguous/Mixed,True
27,28,8,11,0.7928,Ambiguous/Mixed,Ambiguous/Mixed,True
27,28,24,12,0.9994,Macrophage_family,Ambiguous/Mixed,False
27,28,12,13,0.9999,Ambiguous/Mixed,Ambiguous/Mixed,True
27,28,25,14,1.0,Ambiguous/Mixed,Ambiguous/Mixed,True
27,28,23,15,0.7825,Ambiguous/Mixed,Ambiguous/Mixed,True
27,28,12,16,1.0,Ambiguous/Mixed,Ambiguous/Mixed,True
27,28,14,17,0.9979,Ambiguous/Mixed,Ambiguous/Mixed,True
27,28,5,18,0.9984,Ambiguous/Mixed,Ambiguous/Mixed,True
27,28,16,19,0.7826,Ambiguous/Mixed,Ambiguous/Mixed,True
27,28,24,20,0.9996,Macrophage_family,Ambiguous/Mixed,False
27,28,16,21,0.7826,Ambiguous/Mixed,Ambiguous/Mixed,True
27,28,24,22,1.0,Macrophage_family,Macrophage_family,True
27,28,22,23,0.9997,Ambiguous/Mixed,Ambiguous/Mixed,True
27,28,23,24,1.0,Ambiguous/Mixed,Ambiguous/Mixed,True
27,28,22,25,0.9997,Ambiguous/Mixed,Ambiguous/Mixed,True
27,28,25,26,0.9999,Ambiguous/Mixed,Ambiguous/Mixed,True
27,28,25,27,0.9999,Ambiguous/Mixed,Ambiguous/Mixed,True
27,28,23,28,0.4754,Ambiguous/Mixed,Ambiguous/Mixed,True
28,29,7,1,0.9778,Ambiguous/Mixed,Ambiguous/Mixed,True
28,29,6,2,0.9873,Ambiguous/Mixed,Ambiguous/Mixed,True
28,29,7,3,0.9964,Ambiguous/Mixed,DC_family,False
28,29,5,4,0.8416,Ambiguous/Mixed,Ambiguous/Mixed,True
28,29,17,5,0.9894,Ambiguous/Mixed,Ambiguous/Mixed,True
28,29,6,6,0.9945,Ambiguous/Mixed,Ambiguous/Mixed,True
28,29,7,7,0.996,Ambiguous/Mixed,Ambiguous/Mixed,True
28,29,10,8,0.9998,Ambiguous/Mixed,Ambiguous/Mixed,True
28,29,14,9,0.9996,Ambiguous/Mixed,Ambiguous/Mixed,True
28,29,10,10,0.9999,Ambiguous/Mixed,Ambiguous/Mixed,True
28,29,16,11,0.9999,Ambiguous/Mixed,Ambiguous/Mixed,True
28,29,21,12,0.5858,Ambiguous/Mixed,Ambiguous/Mixed,True
28,29,10,13,0.9999,Ambiguous/Mixed,Ambiguous/Mixed,True
28,29,16,14,0.9999,Ambiguous/Mixed,Ambiguous/Mixed,True
28,29,17,15,0.9992,Ambiguous/Mixed,Ambiguous/Mixed,True
28,29,18,16,0.9986,Ambiguous/Mixed,Ambiguous/Mixed,True
28,29,10,17,0.9999,Ambiguous/Mixed,Ambiguous/Mixed,True
28,29,17,18,0.9982,Ambiguous/Mixed,Macrophage_family,False
28,29,10,19,0.9999,Ambiguous/Mixed,Ambiguous/Mixed,True
28,29,23,20,0.9998,Ambiguous/Mixed,Ambiguous/Mixed,True
28,29,22,21,0.9999,Macrophage_family,Macrophage_family,True
28,29,21,22,0.5846,Ambiguous/Mixed,Ambiguous/Mixed,True
28,29,25,23,0.9994,Ambiguous/Mixed,Ambiguous/Mixed,True
28,29,2,24,0.4117,DC_family,Ambiguous/Mixed,False
28,29,25,25,0.9998,Ambiguous/Mixed,Ambiguous/Mixed,True
28,29,27,26,1.0,Ambiguous/Mixed,Ambiguous/Mixed,True
28,29,10,27,0.9999,Ambiguous/Mixed,Ambiguous/Mixed,True
28,29,5,28,0.4966,Ambiguous/Mixed,Ambiguous/Mixed,True
28,29,21,29,0.4484,Ambiguous/Mixed,Ambiguous/Mixed,True
29,30,4,1,0.9385,Ambiguous/Mixed,Ambiguous/Mixed,True
29,30,4,2,0.9801,Ambiguous/Mixed,Ambiguous/Mixed,True
29,30,4,3,0.9976,Ambiguous/Mixed,Ambiguous/Mixed,True
29,30,15,4,0.9974,Ambiguous/Mixed,Ambiguous/Mixed,True
29,30,23,5,0.9995,Ambiguous/Mixed,Ambiguous/Mixed,True
29,30,10,6,1.0,Ambiguous/Mixed,Ambiguous/Mixed,True
29,30,26,7,0.9998,Ambiguous/Mixed,Ambiguous/Mixed,True
29,30,9,8,0.6328,Ambiguous/Mixed,Ambiguous/Mixed,True
29,30,16,9,0.9989,Ambiguous/Mixed,Ambiguous/Mixed,True
29,30,14,10,0.9978,Ambiguous/Mixed,Ambiguous/Mixed,True
29,30,18,11,0.9988,Macrophage_family,Ambiguous/Mixed,False
29,30,2,12,0.6619,Ambiguous/Mixed,Ambiguous/Mixed,True
29,30,20,13,0.9996,Ambiguous/Mixed,Ambiguous/Mixed,True
29,30,21,14,0.9996,Macrophage_family,Ambiguous/Mixed,False
29,30,,15,0.1898,,Ambiguous/Mixed,False
29,30,27,16,1.0,Ambiguous/Mixed,Ambiguous/Mixed,True
29,30,23,17,0.9996,Ambiguous/Mixed,Ambiguous/Mixed,True
29,30,26,18,0.9997,Ambiguous/Mixed,Ambiguous/Mixed,True
29,30,21,19,0.9999,Macrophage_family,Macrophage_family,True
29,30,11,20,1.0,Ambiguous/Mixed,Ambiguous/Mixed,True
29,30,27,21,1.0,Ambiguous/Mixed,Ambiguous/Mixed,True
29,30,27,22,1.0,Ambiguous/Mixed,DC_family,False
29,30,24,23,0.6667,Ambiguous/Mixed,Ambiguous/Mixed,True
29,30,20,24,0.6523,Ambiguous/Mixed,Ambiguous/Mixed,True
29,30,24,25,0.6665,Ambiguous/Mixed,Ambiguous/Mixed,True
29,30,,26,0.2911,,Ambiguous/Mixed,False
29,30,12,27,0.7358,Ambiguous/Mixed,Ambiguous/Mixed,True
29,30,,28,0.2908,,Ambiguous/Mixed,False
29,30,10,29,0.7951,Ambiguous/Mixed,Ambiguous/Mixed,True
29,30,,30,0.0779,,Ambiguous/Mixed,False
30,31,2,1,0.9998,Ambiguous/Mixed,DC_family,False
30,31,13,2,0.9958,Ambiguous/Mixed,Ambiguous/Mixed,True
30,31,10,3,0.9964,Ambiguous/Mixed,Ambiguous/Mixed,True
30,31,2,4,0.8776,Ambiguous/Mixed,Mac_SPP1,False
30,31,6,5,0.9989,Ambiguous/Mixed,Ambiguous/Mixed,True
30,31,2,6,0.9924,Ambiguous/Mixed,Ambiguous/Mixed,True
30,31,2,7,0.9461,Ambiguous/Mixed,Mast,False
30,31,3,8,0.9996,Ambiguous/Mixed,DC_family,False
30,31,4,9,0.9939,Ambiguous/Mixed,Ambiguous/Mixed,True
30,31,16,10,0.9999,Ambiguous/Mixed,Ambiguous/Mixed,True
30,31,17,11,0.9995,Ambiguous/Mixed,Ambiguous/Mixed,True
30,31,22,12,1.0,DC_family,Ambiguous/Mixed,False
30,31,20,13,1.0,Ambiguous/Mixed,Ambiguous/Mixed,True
30,31,11,14,0.999,Ambiguous/Mixed,Macrophage_family,False
30,31,23,15,0.6667,Ambiguous/Mixed,Ambiguous/Mixed,True
30,31,13,16,0.9999,Ambiguous/Mixed,Ambiguous/Mixed,True
30,31,14,17,0.9999,Ambiguous/Mixed,Ambiguous/Mixed,True
30,31,13,18,0.9997,Ambiguous/Mixed,Ambiguous/Mixed,True
30,31,21,19,1.0,Ambiguous/Mixed,Ambiguous/Mixed,True
30,31,16,20,1.0,Ambiguous/Mixed,Ambiguous/Mixed,True
30,31,16,21,1.0,Ambiguous/Mixed,Ambiguous/Mixed,True
30,31,21,22,1.0,Ambiguous/Mixed,Ambiguous/Mixed,True
30,31,15,23,0.4967,Ambiguous/Mixed,Ambiguous/Mixed,True
30,31,10,24,0.4118,Ambiguous/Mixed,Ambiguous/Mixed,True
30,31,14,25,0.3133,Ambiguous/Mixed,Monocyte_family,False
30,31,26,26,0.5522,Ambiguous/Mixed,Ambiguous/Mixed,True
30,31,23,27,0.4061,Ambiguous/Mixed,Ambiguous/Mixed,True
30,31,21,28,1.0,Ambiguous/Mixed,Ambiguous/Mixed,True
30,31,16,29,1.0,Ambiguous/Mixed,Ambiguous/Mixed,True
30,31,24,30,1.0,Ambiguous/Mixed,Ambiguous/Mixed,True
30,31,16,31,1.0,Ambiguous/Mixed,DC_family,False
31,32,8,1,0.8343,DC_family,DC_pDC,False
31,32,9,2,0.9968,Ambiguous/Mixed,Ambiguous/Mixed,True
31,32,11,3,0.9969,Ambiguous/Mixed,Ambiguous/Mixed,True
31,32,3,4,0.9965,Ambiguous/Mixed,Ambiguous/Mixed,True
31,32,11,5,0.998,Ambiguous/Mixed,Ambiguous/Mixed,True
31,32,17,6,0.9991,Ambiguous/Mixed,Ambiguous/Mixed,True
31,32,11,7,0.9972,Ambiguous/Mixed,DC_family,False
31,32,10,8,0.9995,Ambiguous/Mixed,Ambiguous/Mixed,True
31,32,9,9,0.9946,Ambiguous/Mixed,Ambiguous/Mixed,True
31,32,28,10,1.0,Ambiguous/Mixed,Ambiguous/Mixed,True
31,32,17,11,0.9999,Ambiguous/Mixed,Ambiguous/Mixed,True
31,32,18,12,0.9988,Ambiguous/Mixed,Ambiguous/Mixed,True
31,32,17,13,0.9994,Ambiguous/Mixed,Macrophage_family,False
31,32,13,14,0.9998,Ambiguous/Mixed,Ambiguous/Mixed,True
31,32,16,15,0.9998,Ambiguous/Mixed,Ambiguous/Mixed,True
31,32,15,16,1.0,Ambiguous/Mixed,Ambiguous/Mixed,True
31,32,9,17,0.7094,Ambiguous/Mixed,Ambiguous/Mixed,True
31,32,27,18,0.4005,Ambiguous/Mixed,Ambiguous/Mixed,True
31,32,26,19,0.5524,Ambiguous/Mixed,Ambiguous/Mixed,True
31,32,22,20,0.9998,Ambiguous/Mixed,Ambiguous/Mixed,True
31,32,28,21,1.0,Ambiguous/Mixed,Ambiguous/Mixed,True
31,32,23,22,0.4963,Ambiguous/Mixed,Ambiguous/Mixed,True
31,32,17,23,0.3201,Ambiguous/Mixed,Ambiguous/Mixed,True
31,32,13,24,1.0,Ambiguous/Mixed,Ambiguous/Mixed,True
31,32,26,25,0.5524,Ambiguous/Mixed,Ambiguous/Mixed,True
31,32,25,26,0.5142,Monocyte_family,Ambiguous/Mixed,False
31,32,29,27,1.0,Ambiguous/Mixed,Ambiguous/Mixed,True
31,32,31,28,1.0,DC_family,Ambiguous/Mixed,False
31,32,,29,0.1925,,Ambiguous/Mixed,False
31,32,10,30,0.3123,Ambiguous/Mixed,Ambiguous/Mixed,True
31,32,22,31,0.7958,Ambiguous/Mixed,Ambiguous/Mixed,True
31,32,,32,0.1797,,Ambiguous/Mixed,False
32,33,9,1,0.8783,Ambiguous/Mixed,Ambiguous/Mixed,True
32,33,4,2,0.9937,Ambiguous/Mixed,Ambiguous/Mixed,True
32,33,15,3,0.9949,Ambiguous/Mixed,DC_pDC,False
32,33,2,4,0.8885,Ambiguous/Mixed,Ambiguous/Mixed,True
32,33,4,5,0.9889,Ambiguous/Mixed,Ambiguous/Mixed,True
32,33,3,6,0.9991,Ambiguous/Mixed,Ambiguous/Mixed,True
32,33,3,7,0.9993,Ambiguous/Mixed,Ambiguous/Mixed,True
32,33,12,8,0.9968,Ambiguous/Mixed,Ambiguous/Mixed,True
32,33,13,9,0.9977,Macrophage_family,Ambiguous/Mixed,False
32,33,28,10,1.0,Ambiguous/Mixed,Ambiguous/Mixed,True
32,33,27,11,1.0,Ambiguous/Mixed,DC_family,False
32,33,28,12,1.0,Ambiguous/Mixed,Ambiguous/Mixed,True
32,33,12,13,0.9975,Ambiguous/Mixed,Ambiguous/Mixed,True
32,33,13,14,0.9996,Macrophage_family,Macrophage_family,True
32,33,31,15,0.7821,Ambiguous/Mixed,Ambiguous/Mixed,True
32,33,24,16,1.0,Ambiguous/Mixed,DC_family,False
32,33,20,17,0.9999,Ambiguous/Mixed,Ambiguous/Mixed,True
32,33,27,18,1.0,Ambiguous/Mixed,Ambiguous/Mixed,True
32,33,28,19,1.0,Ambiguous/Mixed,Ambiguous/Mixed,True
32,33,28,20,0.7952,Ambiguous/Mixed,DC_family,False
32,33,10,21,0.9999,Ambiguous/Mixed,Ambiguous/Mixed,True
32,33,2,22,0.6689,Ambiguous/Mixed,Ambiguous/Mixed,True
32,33,27,23,1.0,Ambiguous/Mixed,Ambiguous/Mixed,True
32,33,16,24,0.4468,Ambiguous/Mixed,Ambiguous/Mixed,True
32,33,22,25,0.4964,Ambiguous/Mixed,Ambiguous/Mixed,True
32,33,10,26,1.0,Ambiguous/Mixed,Ambiguous/Mixed,True
32,33,27,27,1.0,Ambiguous/Mixed,Ambiguous/Mixed,True
32,33,10,28,1.0,Ambiguous/Mixed,Ambiguous/Mixed,True
32,33,10,29,1.0,Ambiguous/Mixed,Ambiguous/Mixed,True
32,33,28,30,1.0,Ambiguous/Mixed,Ambiguous/Mixed,True
32,33,16,31,0.6667,Ambiguous/Mixed,Ambiguous/Mixed,True
32,33,26,32,0.3627,Ambiguous/Mixed,Ambiguous/Mixed,True
32,33,16,33,0.6662,Ambiguous/Mixed,Ambiguous/Mixed,True
33,34,2,1,0.9937,Ambiguous/Mixed,Ambiguous/Mixed,True
33,34,1,2,0.9989,Ambiguous/Mixed,DC_family,False
33,34,1,3,0.7444,Ambiguous/Mixed,Mac_IL1B,False
33,34,6,4,0.9895,Ambiguous/Mixed,Ambiguous/Mixed,True
33,34,23,5,0.9992,Ambiguous/Mixed,Ambiguous/Mixed,True
33,34,8,6,0.9943,Ambiguous/Mixed,Mast,False
33,34,5,7,0.9981,Ambiguous/Mixed,DC_family,False
33,34,6,8,0.9998,Ambiguous/Mixed,Ambiguous/Mixed,True
33,34,16,9,0.9997,DC_family,Ambiguous/Mixed,False
33,34,17,10,0.9991,Ambiguous/Mixed,Ambiguous/Mixed,True
33,34,17,11,0.9994,Ambiguous/Mixed,Ambiguous/Mixed,True
33,34,21,12,0.9989,Ambiguous/Mixed,Ambiguous/Mixed,True
33,34,17,13,0.9998,Ambiguous/Mixed,Ambiguous/Mixed,True
33,34,8,14,0.9995,Ambiguous/Mixed,Ambiguous/Mixed,True
33,34,19,15,0.6308,Ambiguous/Mixed,Ambiguous/Mixed,True
33,34,18,16,1.0,Ambiguous/Mixed,Ambiguous/Mixed,True
33,34,16,17,0.9999,DC_family,Ambiguous/Mixed,False
33,34,24,18,0.4469,Ambiguous/Mixed,Ambiguous/Mixed,True
33,34,21,19,0.9989,Ambiguous/Mixed,Ambiguous/Mixed,True
33,34,13,20,0.9986,Ambiguous/Mixed,Mast,False
33,34,14,21,0.9997,Macrophage_family,Macrophage_family,True
33,34,,22,0.2843,,Ambiguous/Mixed,False
33,34,17,23,0.9999,Ambiguous/Mixed,Ambiguous/Mixed,True
33,34,29,24,0.9999,Ambiguous/Mixed,Ambiguous/Mixed,True
33,34,29,25,0.9999,Ambiguous/Mixed,Ambiguous/Mixed,True
33,34,30,26,1.0,Ambiguous/Mixed,Ambiguous/Mixed,True
33,34,29,27,1.0,Ambiguous/Mixed,Ambiguous/Mixed,True
33,34,29,28,1.0,Ambiguous/Mixed,Ambiguous/Mixed,True
33,34,31,29,0.4765,Ambiguous/Mixed,Ambiguous/Mixed,True
33,34,19,30,1.0,Ambiguous/Mixed,Macrophage_family,False
33,34,22,31,0.4508,Ambiguous/Mixed,Ambiguous/Mixed,True
33,34,,32,0.2842,,Ambiguous/Mixed,False
33,34,22,33,0.3438,Ambiguous/Mixed,DC_family,False
33,34,30,34,1.0,Ambiguous/Mixed,Ambiguous/Mixed,True
34,35,2,1,0.9286,DC_family,DC_pDC,False
34,35,2,2,0.9968,DC_family,Ambiguous/Mixed,False
34,35,2,3,0.9131,DC_family,Ambiguous/Mixed,False
34,35,2,4,0.9603,DC_family,Ambiguous/Mixed,False
34,35,5,5,0.9998,Ambiguous/Mixed,Ambiguous/Mixed,True
34,35,8,6,0.9991,Ambiguous/Mixed,Ambiguous/Mixed,True
34,35,8,7,0.9995,Ambiguous/Mixed,Ambiguous/Mixed,True
34,35,8,8,0.9986,Ambiguous/Mixed,Ambiguous/Mixed,True
34,35,12,9,0.9983,Ambiguous/Mixed,Mast,False
34,35,7,10,0.9948,DC_family,DC_family,True
34,35,21,11,0.9964,Macrophage_family,Ambiguous/Mixed,False
34,35,21,12,0.9961,Macrophage_family,Ambiguous/Mixed,False
34,35,12,13,0.9999,Ambiguous/Mixed,Ambiguous/Mixed,True
34,35,11,14,0.9997,Ambiguous/Mixed,Ambiguous/Mixed,True
34,35,23,15,0.999,Ambiguous/Mixed,Ambiguous/Mixed,True
34,35,17,16,1.0,Ambiguous/Mixed,Ambiguous/Mixed,True
34,35,12,17,0.9995,Ambiguous/Mixed,Ambiguous/Mixed,True
34,35,21,18,0.8119,Macrophage_family,Ambiguous/Mixed,False
34,35,2,19,0.9536,DC_family,Ambiguous/Mixed,False
34,35,16,20,1.0,Ambiguous/Mixed,Ambiguous/Mixed,True
34,35,16,21,0.9999,Ambiguous/Mixed,Ambiguous/Mixed,True
34,35,17,22,1.0,Ambiguous/Mixed,DC_family,False
34,35,21,23,0.9994,Macrophage_family,Macrophage_family,True
34,35,12,24,0.9989,Ambiguous/Mixed,Ambiguous/Mixed,True
34,35,23,25,0.9999,Ambiguous/Mixed,Ambiguous/Mixed,True
34,35,12,26,0.9996,Ambiguous/Mixed,Ambiguous/Mixed,True
34,35,26,27,1.0,Ambiguous/Mixed,Ambiguous/Mixed,True
34,35,25,28,0.9999,Ambiguous/Mixed,Ambiguous/Mixed,True
34,35,30,29,0.9999,Macrophage_family,Macrophage_family,True
34,35,26,30,1.0,Ambiguous/Mixed,Ambiguous/Mixed,True
34,35,,31,0.2837,,Ambiguous/Mixed,False
34,35,34,32,1.0,Ambiguous/Mixed,Ambiguous/Mixed,True
34,35,,33,0.1225,,Ambiguous/Mixed,False
34,35,23,34,0.7981,Ambiguous/Mixed,Ambiguous/Mixed,True
34,35,9,35,0.7982,Ambiguous/Mixed,Monocyte_family,False
