K,gep,n_low_activity,n_dominance,n_competition,n_consensus,n_negotiation,n_dominant_cells,win_rate,n_rival_cells,chief_rival,rival_edge_weight,label,chief_rival_label
3,1,4563,13268,218,503,180,18732,0.9719105088573646,12994,3,0.0561926127130223,Ambiguous/Mixed,Ambiguous/Mixed
3,2,710,4067,416,843,415,6451,0.8552516983103989,5650,1,0.0109450379814867,Ambiguous/Mixed,Ambiguous/Mixed
3,3,16,1147,23,35,40,1261,0.9493975903614458,687,1,-0.0944739799895267,Ambiguous/Mixed,Ambiguous/Mixed
4,1,4603,13010,258,499,361,18731,0.9561862967157417,17072,3,0.0201019364164933,Ambiguous/Mixed,Ambiguous/Mixed
4,2,434,3138,453,720,616,5361,0.7830322711589203,5208,1,0.0196433109834776,Ambiguous/Mixed,Ambiguous/Mixed
4,3,19,1120,19,43,39,1240,0.9524979524979525,940,1,-0.0896524834191686,Ambiguous/Mixed,Ambiguous/Mixed
4,4,233,511,101,95,172,1112,0.689419795221843,978,1,-0.0526735417526664,Ambiguous/Mixed,Ambiguous/Mixed
5,1,4655,12979,251,542,355,18782,0.9571034189849225,17554,5,0.0020724241298863,Ambiguous/Mixed,Mast
5,2,365,2763,460,820,579,4987,0.7752055387278235,4841,5,0.0084100473534932,Ambiguous/Mixed,Mast
5,3,20,1120,19,45,39,1243,0.9525756336876533,973,1,-0.0806234557390232,Ambiguous/Mixed,Ambiguous/Mixed
5,4,237,506,98,100,177,1118,0.6878547105561862,998,1,-0.050425580043781,Ambiguous/Mixed,Ambiguous/Mixed
5,5,12,283,1,8,10,314,0.9635761589403974,265,3,-0.0205355029310086,Mast,Ambiguous/Mixed
6,1,4678,12706,282,639,503,18808,0.9444444444444444,18021,3,-0.0002139956155296,Ambiguous/Mixed,Macrophage_family
6,2,129,1163,253,584,457,2586,0.711029711029711,2454,6,0.0104250345813351,DC_family,Mast
6,3,202,1019,294,404,463,2382,0.6527522935779817,2303,1,-0.0152835298134314,Macrophage_family,Ambiguous/Mixed
6,4,246,470,104,138,222,1180,0.6509635974304069,1080,1,-0.0394863553749672,Ambiguous/Mixed,Ambiguous/Mixed
6,5,22,1042,12,48,53,1177,0.9437229437229437,1115,1,-0.070643059089056,DC_pDC,Ambiguous/Mixed
6,6,12,282,1,8,8,311,0.9698996655518395,287,5,-0.0166475554935892,Mast,DC_pDC
7,1,4685,12415,276,631,550,18557,0.9404555940023068,17981,3,-0.0005802634503953,Mono_CD14_ID1,Macrophage_family
7,2,69,641,233,321,412,1676,0.5986309894212819,1652,1,0.0015137869901246,DC_family,Mono_CD14_ID1
7,3,202,903,285,482,483,2355,0.6432884347422202,2297,1,-0.0114596650251434,Macrophage_family,Mono_CD14_ID1
7,4,52,480,76,313,213,1134,0.732902033271719,1118,7,0.006443515631802,Ambiguous/Mixed,Mast
7,5,248,454,105,177,235,1219,0.6498455200823893,1137,1,-0.0305565429111045,Ambiguous/Mixed,Mono_CD14_ID1
7,6,21,1029,11,71,60,1192,0.9393680614859095,1143,1,-0.0581758750571106,DC_pDC,Mono_CD14_ID1
7,7,12,280,3,9,7,311,0.9665551839464883,291,6,-0.0151424051124025,Mast,DC_pDC
8,1,4691,12332,287,712,574,18596,0.9380798274002158,18170,7,-0.0002531120336016,Mono_CD14_ID1,Macrophage_family
8,2,65,597,236,349,408,1655,0.5949685534591195,1637,1,0.0027445249492209,DC_family,Mono_CD14_ID1
8,3,132,533,305,318,390,1678,0.5504527813712807,1653,1,-0.0453924688954033,Macrophage_family,Mono_CD14_ID1
8,4,53,457,66,306,180,1062,0.7561942517343905,1046,7,-0.0015126061446829,Ambiguous/Mixed,Macrophage_family
8,5,249,421,103,185,267,1225,0.6209016393442623,1158,1,-0.027703435815042,Ambiguous/Mixed,Mono_CD14_ID1
8,6,20,1028,12,76,61,1197,0.9379779099405268,1155,1,-0.0521171419719251,DC_pDC,Mono_CD14_ID1
8,7,67,242,119,99,193,720,0.5222052067381318,704,3,-0.0131578952232536,Macrophage_family,Macrophage_family
8,8,12,280,3,10,6,311,0.9698996655518395,297,6,-0.0106226504985447,Mast,DC_pDC
9,1,4683,12111,287,787,601,18469,0.9355868272160163,18163,7,0.0002344302583402,Mono_CD14_ID1,Macrophage_family
9,2,64,572,233,388,439,1696,0.5882352941176471,1688,9,0.0031380588256974,DC_family,Mast
9,3,130,432,292,294,414,1562,0.5069832402234636,1545,1,-0.0513233117583737,Macrophage_family,Mono_CD14_ID1
9,4,30,202,78,290,215,815,0.6267515923566879,814,7,-0.0074139120203895,Ambiguous/Mixed,Macrophage_family
9,5,251,414,100,199,280,1244,0.6173212487411883,1185,1,-0.0247015804243699,Ambiguous/Mixed,Mono_CD14_ID1
9,6,20,1026,14,77,61,1198,0.9363327674023769,1169,1,-0.0464765636879261,DC_pDC,Mono_CD14_ID1
9,7,69,233,117,101,200,720,0.5130568356374808,706,3,-0.008658067448891,Macrophage_family,Macrophage_family
9,8,30,226,24,98,51,429,0.8120300751879699,422,2,-0.0100195978371157,DC_family,DC_family
9,9,12,275,4,10,10,311,0.9531772575250836,303,6,-0.0050282899088298,Mast,DC_pDC
10,1,3884,5715,630,1209,1279,12717,0.7838786369296955,12524,2,-0.0575385705647611,Monocyte_family,Mono_CD16
10,10,13,273,2,14,9,311,0.9630872483221476,305,7,-0.0054980899423756,Mast,DC_pDC
10,2,789,3049,336,618,654,5446,0.7874167919261327,5361,1,-0.0404337015057921,Mono_CD16,Monocyte_family
10,3,71,463,107,645,527,1813,0.6360505166475315,1806,1,-0.0031269635734993,DC_family,Monocyte_family
10,4,128,409,117,457,540,1651,0.5686145764937623,1637,1,-0.0286664716256907,Macrophage_family,Monocyte_family
10,5,250,381,44,304,287,1266,0.6742125984251969,1222,2,-0.009073643993562,Ambiguous/Mixed,Mono_CD16
10,6,31,164,25,422,203,845,0.7199017199017199,844,8,-0.0067100241683608,Ambiguous/Mixed,Macrophage_family
10,7,18,1016,5,107,59,1205,0.9460825610783488,1186,2,-0.074065671933862,DC_pDC,Mono_CD16
10,8,75,222,42,186,238,763,0.5930232558139535,752,4,-0.0079809367701381,Macrophage_family,Macrophage_family
10,9,30,210,9,115,63,427,0.818639798488665,420,3,-0.0064678426341937,DC_family,DC_family
11,1,4706,12408,304,789,538,18745,0.940024218249163,18619,11,0.0016182289232055,Ambiguous/Mixed,Ambiguous/Mixed
11,10,13,273,2,15,7,310,0.9696969696969697,308,8,-0.0076038025729428,Mast,Ambiguous/Mixed
11,11,0,1,0,0,1,2,0.5,1,,,Ambiguous/Mixed,
11,2,60,455,223,388,403,1529,0.5738597685500341,1526,1,-0.0032206618550367,DC_family,Ambiguous/Mixed
11,3,121,366,293,279,366,1425,0.4946319018404908,1416,1,-0.047562800064054,Macrophage_family,Ambiguous/Mixed
11,4,220,329,107,159,243,1058,0.5823389021479713,1034,1,-0.0188615446564963,Ambiguous/Mixed,Ambiguous/Mixed
11,5,22,151,78,298,197,746,0.6201657458563536,745,7,-0.006971649522499,Ambiguous/Mixed,Macrophage_family
11,6,19,1010,15,89,60,1193,0.9361158432708688,1185,1,-0.0552575567281626,DC_pDC,Ambiguous/Mixed
11,7,64,213,138,118,191,724,0.5015151515151515,713,3,-0.0092847882481818,Macrophage_family,Macrophage_family
11,8,33,65,51,51,85,285,0.4603174603174603,285,1,-0.0502730246489314,Ambiguous/Mixed,Ambiguous/Mixed
11,9,32,203,25,108,59,427,0.7873417721518987,423,2,-0.0069488614437898,DC_family,DC_family
12,1,3863,5518,681,1237,1342,12641,0.7695374800637959,12578,2,-0.0547339199478859,Monocyte_family,Mono_CD16
12,10,32,202,10,118,64,426,0.8121827411167513,423,3,-0.007701025893308,DC_family,DC_family
12,11,13,272,2,14,9,310,0.9629629629629629,308,9,-0.0070640064802638,Mast,Ambiguous/Mixed
12,12,1,1,0,0,1,3,0.5,2,,,Ambiguous/Mixed,
12,2,808,3021,362,667,673,5531,0.7808596231208977,5503,1,-0.0366495002899326,Mono_CD16,Monocyte_family
12,3,75,444,110,628,532,1789,0.6254375729288215,1787,1,-0.0043610007706241,DC_family,Monocyte_family
12,4,123,359,112,407,535,1536,0.5421089879688605,1528,1,-0.0276932051605782,Macrophage_family,Monocyte_family
12,5,30,146,35,419,205,835,0.7018633540372671,834,8,-0.0066016375543523,Ambiguous/Mixed,Macrophage_family
12,6,220,322,46,211,290,1089,0.6133486766398158,1068,2,-0.007987240158465,Ambiguous/Mixed,Mono_CD16
12,7,17,1005,9,112,63,1206,0.9394449116904963,1199,2,-0.0725321898904313,DC_pDC,Mono_CD16
12,8,73,209,47,200,245,774,0.5834522111269614,764,4,-0.0082255654572877,Macrophage_family,Macrophage_family
12,9,34,63,30,63,114,304,0.4666666666666667,304,1,-0.0396246732550428,Ambiguous/Mixed,Monocyte_family
13,1,3875,5500,723,1262,1348,12708,0.7655383222008377,12672,2,-0.0545036777583076,Monocyte_family,Mono_CD16
13,10,33,202,10,117,64,426,0.811704834605598,425,3,-0.0052822784041183,DC_family,DC_family
13,11,13,272,2,13,10,310,0.9595959595959596,308,9,-0.0066355252595196,Mast,Ambiguous/Mixed
13,12,1,1,0,0,1,3,0.5,2,,,Ambiguous/Mixed,
13,13,0,1,0,0,0,1,1.0,0,,,Macrophage_family,
13,2,796,3008,377,649,669,5499,0.7775887731235381,5484,1,-0.0374562097545036,Mono_CD16,Monocyte_family
13,3,93,458,116,709,553,1929,0.6356209150326797,1926,1,-0.0015051248984422,DC_family,Monocyte_family
13,4,124,351,115,414,540,1544,0.5387323943661971,1538,1,-0.0278479817767837,Macrophage_family,Monocyte_family
13,5,32,134,29,416,205,816,0.701530612244898,815,8,-0.0063608042024717,Ambiguous/Mixed,Macrophage_family
13,6,16,1000,9,111,69,1205,0.9343986543313709,1201,2,-0.0657724803871879,DC_pDC,Mono_CD16
13,7,191,249,37,198,243,918,0.6148555708390646,911,2,-0.0064691570937917,Ambiguous/Mixed,Mono_CD16
13,8,79,204,48,208,240,779,0.5885714285714285,769,4,-0.0082871427567612,Macrophage_family,Macrophage_family
13,9,36,59,26,66,119,306,0.46296296296296297,306,1,-0.0360769749436787,Ambiguous/Mixed,Monocyte_family
14,1,3854,5163,769,1291,1441,12518,0.7449215143120961,12491,2,-0.054914246325565,Monocyte_family,Mono_CD16
14,10,34,55,28,67,130,314,0.4357142857142857,314,1,-0.033815396743317,Ambiguous/Mixed,Monocyte_family
14,11,29,194,13,118,73,427,0.7839195979899497,426,3,-0.0042822821825266,DC_family,DC_family
14,12,12,269,2,14,15,312,0.9433333333333334,311,10,-0.0053164389456233,Mast,Ambiguous/Mixed
14,13,0,1,0,0,0,1,1.0,0,,,Ambiguous/Mixed,
14,14,1,1,0,0,1,3,0.5,2,,,Ambiguous/Mixed,
14,2,828,2991,387,690,703,5599,0.7715363655418152,5585,1,-0.0362686566044891,Mono_CD16,Monocyte_family
14,3,61,315,86,661,475,1598,0.6350032530904359,1596,1,-0.0032398016839615,DC_family,Monocyte_family
14,4,128,337,113,435,539,1552,0.5421348314606742,1548,1,-0.0255708216073266,Macrophage_family,Monocyte_family
14,5,66,39,29,187,142,463,0.5692695214105793,462,13,-0.0001543372866955,Ambiguous/Mixed,Ambiguous/Mixed
14,6,31,127,32,442,203,835,0.7077114427860697,835,8,-0.0065155708924172,Ambiguous/Mixed,Macrophage_family
14,7,17,984,10,121,77,1209,0.927013422818792,1206,2,-0.0581608156600944,DC_pDC,Mono_CD16
14,8,77,199,50,213,245,784,0.5827439886845828,777,4,-0.0071125304868615,Macrophage_family,Macrophage_family
14,9,151,220,42,171,245,829,0.5766961651917404,822,2,-0.0076037728125433,Ambiguous/Mixed,Mono_CD16
15,1,4186,7047,509,2125,1417,15284,0.8264552171562444,15247,2,-0.0067020022081665,Mono_CD14_ID1,Mono_CD16
15,10,14,281,0,10,9,314,0.97,312,6,-0.0081381305845119,Mast,Ambiguous/Mixed
15,11,54,116,43,21,62,296,0.5661157024793388,287,5,-0.0626493949788288,Ambiguous/Mixed,Ambiguous/Mixed
15,12,1,20,26,7,18,72,0.38028169014084506,72,4,-0.2013853362483592,Ambiguous/Mixed,DC_pDC
15,13,1,1,0,0,1,3,0.5,2,,,Ambiguous/Mixed,
15,14,0,1,0,0,0,1,1.0,0,,,Ambiguous/Mixed,
15,2,564,2676,248,1056,546,5090,0.824569155987627,5075,11,-0.0003881575396874,Mono_CD16,Ambiguous/Mixed
15,3,105,188,94,844,328,1559,0.7097661623108665,1558,7,-0.0195420619015895,Ambiguous/Mixed,Macrophage_family
15,4,21,900,57,118,89,1185,0.8745704467353952,1185,12,-0.0425916255024413,DC_pDC,Ambiguous/Mixed
15,5,150,125,52,181,193,701,0.5553539019963702,700,11,-0.0206502554302642,Ambiguous/Mixed,Ambiguous/Mixed
15,6,38,65,32,90,136,361,0.47987616099071206,361,1,-0.0320572095715665,Ambiguous/Mixed,Mono_CD14_ID1
15,7,112,189,166,195,270,932,0.4682926829268293,925,3,-0.0414589151124385,Macrophage_family,Ambiguous/Mixed
15,8,20,130,28,103,29,310,0.803448275862069,309,9,-0.0601017289680247,DC_family,DC_family
15,9,23,70,39,132,72,336,0.645367412140575,336,8,-0.0548673103749606,DC_family,DC_family
16,1,5263,11147,1408,3002,3907,24727,0.7269317714755446,24706,9,4.487815181329337e-05,Ambiguous/Mixed,Ambiguous/Mixed
16,10,0,0,1,0,0,1,0.0,1,,,Ambiguous/Mixed,
16,11,0,15,31,5,11,62,0.3225806451612903,62,5,-0.124616298417745,Ambiguous/Mixed,Mast
16,13,0,0,1,0,0,1,0.0,1,,,Ambiguous/Mixed,
16,14,0,0,0,0,1,1,0.0,1,,,Ambiguous/Mixed,
16,16,0,0,1,0,0,1,0.0,1,,,Ambiguous/Mixed,
16,2,11,683,95,47,45,881,0.8390804597701149,877,4,-0.0403480250528005,Ambiguous/Mixed,Ambiguous/Mixed
16,3,10,16,17,5,9,57,0.44680851063829785,57,2,-0.0492887690879278,Ambiguous/Mixed,Ambiguous/Mixed
16,4,4,246,47,15,23,335,0.7885196374622356,334,2,-0.0865094704907503,Ambiguous/Mixed,Ambiguous/Mixed
16,5,1,150,74,4,9,238,0.6497890295358649,237,11,-0.1194779568799165,Mast,Ambiguous/Mixed
16,6,0,4,5,2,1,12,0.5,12,5,-0.0831277610679083,Ambiguous/Mixed,Mast
16,7,0,1,2,1,1,5,0.4,5,,,Ambiguous/Mixed,
16,8,0,1,1,0,1,3,0.3333333333333333,3,,,Ambiguous/Mixed,
16,9,0,87,24,0,9,120,0.725,114,2,-0.1308745845523885,Ambiguous/Mixed,Ambiguous/Mixed
17,1,5192,3877,2064,5692,7201,24026,0.5080705107783795,24010,8,-0.0003255509014165,Ambiguous/Mixed,Ambiguous/Mixed
17,10,0,0,0,0,1,1,0.0,1,,,Ambiguous/Mixed,
17,12,0,1,1,0,0,2,0.5,2,,,Ambiguous/Mixed,
17,13,0,0,9,0,0,9,0.0,9,,,Ambiguous/Mixed,
17,16,0,1,1,0,0,2,0.5,2,,,Ambiguous/Mixed,
17,17,0,0,0,0,1,1,0.0,0,,,Ambiguous/Mixed,
17,2,31,1020,99,70,90,1310,0.8522283033620016,1308,9,-0.0353039847826061,DC_pDC,Ambiguous/Mixed
17,3,64,240,136,41,201,682,0.4546925566343042,679,14,-0.0006197264896813,Ambiguous/Mixed,Ambiguous/Mixed
17,4,1,201,61,0,6,269,0.75,269,5,-0.1150569619476617,Mast,Ambiguous/Mixed
17,5,0,11,28,0,5,44,0.25,44,4,-0.1917947623333788,Ambiguous/Mixed,Mast
17,6,0,0,0,0,1,1,0.0,1,,,Ambiguous/Mixed,
17,7,0,1,2,0,0,3,0.3333333333333333,3,,,DC_family,
17,8,1,0,3,0,1,5,0.0,5,,,Ambiguous/Mixed,
17,9,0,33,45,0,11,89,0.3707865168539326,88,2,-0.2146779535606657,Ambiguous/Mixed,DC_pDC
18,1,5202,12470,984,3048,2723,24427,0.8071781534460338,24422,6,-0.0009790539715199,Ambiguous/Mixed,Ambiguous/Mixed
18,11,0,4,6,1,0,11,0.45454545454545453,11,4,-0.0213619628715204,Ambiguous/Mixed,Ambiguous/Mixed
18,12,0,5,5,1,10,21,0.2857142857142857,21,1,-0.0592340434778903,Ambiguous/Mixed,Ambiguous/Mixed
18,13,0,10,12,0,11,33,0.30303030303030304,28,2,-0.0569294911607083,Ambiguous/Mixed,DC_pDC
18,14,0,1,0,0,1,2,0.5,1,,,Ambiguous/Mixed,
18,2,21,716,120,35,50,942,0.8154180238870793,942,5,-0.1405122377533555,DC_pDC,Ambiguous/Mixed
18,3,1,166,62,0,5,234,0.7124463519313304,231,4,-0.1616366076921695,Mast,Ambiguous/Mixed
18,4,0,30,35,0,3,68,0.4411764705882353,68,3,-0.2043565458130944,Ambiguous/Mixed,Mast
18,5,0,228,111,4,29,372,0.6236559139784946,371,2,-0.2477787674401973,Ambiguous/Mixed,DC_pDC
18,6,65,219,32,0,10,326,0.8390804597701149,315,1,-0.0738264467020793,Ambiguous/Mixed,Ambiguous/Mixed
18,7,0,1,1,0,0,2,0.5,2,,,DC_family,
18,8,0,1,3,0,1,5,0.2,5,,,Ambiguous/Mixed,
18,9,0,0,1,0,0,1,0.0,1,,,Ambiguous/Mixed,
19,1,1584,237,594,1667,2211,6293,0.4043321299638989,6290,14,7.457861034039577e-05,Mac_SPP1,Ambiguous/Mixed
19,10,3,250,29,3,12,297,0.8605442176870748,297,12,-0.0495358278891519,Mast,Ambiguous/Mixed
19,11,3,2,5,6,23,39,0.2222222222222222,38,9,-0.0097024120617097,Ambiguous/Mixed,Ambiguous/Mixed
19,12,1,2,11,0,2,16,0.13333333333333333,16,10,-0.1410252658808304,Ambiguous/Mixed,Mast
19,13,0,1,1,0,1,3,0.3333333333333333,2,,,Ambiguous/Mixed,
19,14,0,1,1,0,4,6,0.16666666666666666,6,,,Ambiguous/Mixed,
19,15,0,1,0,0,0,1,1.0,0,,,Ambiguous/Mixed,
19,16,0,1,0,0,0,1,1.0,1,,,Ambiguous/Mixed,
19,2,216,1133,139,309,411,2208,0.7238955823293173,2204,16,-9.385461624972512e-05,DC_pDC,Ambiguous/Mixed
19,3,1963,49,715,2587,2805,8119,0.4282001299545159,8119,4,-0.0115316123736379,Ambiguous/Mixed,Ambiguous/Mixed
19,4,1273,484,961,1405,2123,6246,0.3798511964608888,6245,3,-0.0166326079192894,Ambiguous/Mixed,Ambiguous/Mixed
19,5,54,60,89,105,132,440,0.4274611398963731,440,8,-0.0352284152287201,DC_family,DC_family
19,6,50,110,177,91,282,710,0.30454545454545456,709,4,-0.0015878683052329,Ambiguous/Mixed,Ambiguous/Mixed
19,7,107,425,286,184,498,1500,0.4371859296482412,1491,3,-0.0036554986797956,Ambiguous/Mixed,Ambiguous/Mixed
19,8,32,188,89,7,55,371,0.5752212389380531,371,5,-0.064100162012169,DC_family,DC_family
19,9,3,63,63,12,53,194,0.39267015706806285,192,7,-0.0547459960620829,Ambiguous/Mixed,Ambiguous/Mixed
20,1,2923,2397,794,1024,1823,8961,0.5665783371977476,8959,3,-0.0138170104948571,Monocyte_family,Mono_CD16
20,10,39,54,32,94,119,338,0.49498327759197325,338,1,-0.0189202068971308,Ambiguous/Mixed,Monocyte_family
20,11,32,183,12,157,93,477,0.7640449438202247,477,10,-0.0021338936463658,DC_family,Ambiguous/Mixed
20,12,35,44,15,39,55,188,0.5424836601307189,187,5,-0.0373904108381459,Ambiguous/Mixed,Ambiguous/Mixed
20,13,11,269,2,16,13,311,0.95,311,10,-0.003541207995116,Mast,Ambiguous/Mixed
20,14,1,5,21,7,11,45,0.2727272727272727,45,8,-0.2101589704280333,Ambiguous/Mixed,Ambiguous/Mixed
20,15,1,1,0,0,1,3,0.5,2,,,Ambiguous/Mixed,
20,16,0,1,0,0,0,1,1.0,1,,,Ambiguous/Mixed,
20,17,0,0,0,0,1,1,0.0,1,,,Ambiguous/Mixed,
20,2,1359,1013,881,1629,1887,6769,0.48835489833641405,6769,3,-0.0188927858251651,cDC2_CD33,Mono_CD16
20,3,440,2199,321,219,567,3746,0.7313974591651543,3741,2,-0.0539780147002835,Mono_CD16,cDC2_CD33
20,4,141,314,109,612,556,1732,0.5820238843494657,1731,1,-0.013816660483227,Macrophage_family,Monocyte_family
20,5,183,245,37,276,261,1002,0.6361416361416361,994,3,-0.0053340313588264,Ambiguous/Mixed,Mono_CD16
20,6,22,61,22,360,131,596,0.7334494773519163,596,9,-0.0012900637058356,Ambiguous/Mixed,Macrophage_family
20,7,31,148,38,173,119,509,0.6715481171548117,506,2,-0.0256719018625538,DC_family,cDC2_CD33
20,8,15,737,136,94,177,1159,0.7263986013986014,1156,14,-0.0699411667422983,Ambiguous/Mixed,Ambiguous/Mixed
20,9,56,108,25,239,178,606,0.6309090909090909,603,19,-0.0011014497571008,Macrophage_family,Ambiguous/Mixed
21,1,1880,1663,1065,2558,2966,10132,0.5115123606398448,10132,14,-0.0006923184459068,cDC2_CD33,Ambiguous/Mixed
21,10,17,128,42,34,65,286,0.6022304832713755,285,1,-0.0632189827283859,DC_family,cDC2_CD33
21,11,33,53,39,71,144,340,0.40390879478827363,340,2,-0.0210506479387341,Ambiguous/Mixed,Monocyte_family
21,12,22,51,85,134,206,498,0.38865546218487396,497,1,-0.0363261220399779,Ambiguous/Mixed,cDC2_CD33
21,13,28,168,26,100,112,434,0.6600985221674877,434,4,-0.006824985777623,DC_family,Ambiguous/Mixed
21,14,9,16,10,49,41,125,0.5603448275862069,123,7,-0.0019434329518611,Ambiguous/Mixed,Ambiguous/Mixed
21,15,32,42,29,23,53,179,0.4421768707482993,178,6,-0.0404311777171894,Ambiguous/Mixed,Ambiguous/Mixed
21,16,10,263,2,13,23,311,0.9169435215946844,311,5,-0.0029947067744786,Mast,DC_pDC
21,17,2,3,2,6,4,17,0.6,17,10,-0.0118245854087145,Ambiguous/Mixed,DC_family
21,18,7,13,6,0,1,27,0.65,26,14,-0.0521604449091863,Ambiguous/Mixed,Ambiguous/Mixed
21,19,1,1,0,0,1,3,0.5,2,,,Ambiguous/Mixed,
21,2,2855,2360,1002,950,1611,8778,0.558838426473071,8778,1,-0.0144397886700474,Monocyte_family,cDC2_CD33
21,20,0,1,0,0,0,1,1.0,0,,,Ambiguous/Mixed,
21,21,0,1,0,0,0,1,1.0,0,,,Ambiguous/Mixed,
21,3,124,272,176,414,599,1585,0.46954140999315536,1585,2,-0.0140015307464494,Macrophage_family,Monocyte_family
21,4,26,4,20,140,139,329,0.4752475247524752,329,20,-0.0001859513887502,Ambiguous/Mixed,Ambiguous/Mixed
21,5,12,936,28,100,129,1205,0.8683989941324393,1203,1,-0.045291885884857,DC_pDC,cDC2_CD33
21,6,162,212,67,180,295,916,0.519893899204244,913,1,-0.0033291528006429,Ambiguous/Mixed,cDC2_CD33
21,7,10,46,29,216,133,434,0.6179245283018868,434,8,-0.0010865210102923,Ambiguous/Mixed,Macrophage_family
21,8,41,86,54,157,184,522,0.5051975051975052,521,3,-0.0017980713753626,Macrophage_family,Macrophage_family
21,9,18,34,23,141,105,321,0.5775577557755776,321,18,-6.715011134669045e-05,Ambiguous/Mixed,Ambiguous/Mixed
22,1,2982,2098,879,1112,1897,8968,0.5362512529234882,8968,3,-0.0144929584609481,Monocyte_family,Mono_CD16
22,10,17,119,37,51,67,291,0.6204379562043796,290,2,-0.0449098574790284,DC_family,cDC2_CD33
22,11,17,31,17,167,91,323,0.6470588235294118,323,19,-7.276421721724773e-05,Ambiguous/Mixed,Ambiguous/Mixed
22,12,36,50,32,95,129,342,0.4738562091503268,342,1,-0.0181362769717817,Ambiguous/Mixed,Monocyte_family
22,13,13,17,4,64,39,137,0.6532258064516129,137,3,-0.0025500540590678,Ambiguous/Mixed,Mono_CD16
22,14,21,40,55,197,202,515,0.4797570850202429,514,2,-0.0268657855417224,Ambiguous/Mixed,cDC2_CD33
22,15,28,162,22,123,98,433,0.7037037037037037,433,5,-0.0066566164316098,DC_family,Ambiguous/Mixed
22,16,10,261,2,18,20,311,0.9269102990033222,311,3,-0.0049676989432167,Mast,Mono_CD16
22,17,33,41,21,36,53,184,0.5099337748344371,183,7,-0.0368998447210476,Ambiguous/Mixed,Ambiguous/Mixed
22,18,2,3,0,5,6,16,0.5714285714285714,16,8,-0.0119600775155608,Ambiguous/Mixed,Macrophage_family
22,19,7,13,5,1,1,27,0.7,27,4,-0.0365409363521196,Ambiguous/Mixed,Macrophage_family
22,2,1269,733,938,1391,1738,6069,0.4425,6069,3,-0.0199495885614315,cDC2_CD33,Mono_CD16
22,20,1,1,0,0,1,3,0.5,2,,,Ambiguous/Mixed,
22,21,0,1,0,0,0,1,1.0,0,,,Ambiguous/Mixed,
22,22,0,1,0,0,0,1,1.0,0,,,Ambiguous/Mixed,
22,3,448,2092,360,235,607,3742,0.7064359441408622,3739,2,-0.0492643069933708,Mono_CD16,cDC2_CD33
22,4,129,258,116,527,581,1611,0.529689608636977,1611,1,-0.0118190069510849,Macrophage_family,Monocyte_family
22,5,33,3,10,164,129,339,0.545751633986928,339,21,-0.0001724021386367,Ambiguous/Mixed,Ambiguous/Mixed
22,6,15,919,23,130,128,1215,0.8741666666666666,1213,2,-0.0314847269886162,DC_pDC,cDC2_CD33
22,7,169,209,39,238,274,929,0.5881578947368421,926,3,-0.0049883398269952,Ambiguous/Mixed,Mono_CD16
22,8,50,86,40,206,172,554,0.5793650793650794,553,1,-0.0021000283277992,Macrophage_family,Monocyte_family
22,9,9,41,17,255,111,433,0.6981132075471698,433,8,-0.0012830743382468,Ambiguous/Mixed,Macrophage_family
23,1,2931,2088,906,993,1863,8781,0.5266666666666666,8781,3,-0.0135921768395013,Monocyte_family,Mono_CD16
23,10,17,118,37,49,66,287,0.6185185185185185,286,2,-0.0475555922904733,DC_family,cDC2_CD33
23,11,43,80,37,196,151,507,0.5948275862068966,506,1,-0.0021735636127087,Macrophage_family,Monocyte_family
23,12,17,31,16,171,88,323,0.6601307189542484,323,19,-0.0002010256047511,Ambiguous/Mixed,Ambiguous/Mixed
23,13,21,40,53,209,198,521,0.498,519,2,-0.0277558495801753,Ambiguous/Mixed,cDC2_CD33
23,14,30,45,22,91,120,308,0.4892086330935252,308,1,-0.0193659372510974,Ambiguous/Mixed,Monocyte_family
23,15,28,161,22,125,97,433,0.7061728395061728,433,5,-0.0055666159475855,DC_family,Ambiguous/Mixed
23,16,37,47,20,111,121,336,0.5284280936454849,335,1,-0.0068403250262415,Macrophage_family,Monocyte_family
23,17,10,260,2,19,19,310,0.93,310,3,-0.0052065796933582,Mast,Mono_CD16
23,18,31,34,21,38,50,174,0.5034965034965035,173,7,-0.0488466064426223,Ambiguous/Mixed,Ambiguous/Mixed
23,19,7,13,5,1,2,28,0.6666666666666666,28,9,-0.0362428075210021,Ambiguous/Mixed,Ambiguous/Mixed
23,2,1260,738,942,1382,1762,6084,0.439469320066335,6084,3,-0.0176062033456127,cDC2_CD33,Mono_CD16
23,20,3,3,0,5,6,17,0.5714285714285714,17,11,-0.0108300519731538,Ambiguous/Mixed,Macrophage_family
23,21,1,1,0,0,1,3,0.5,2,,,Ambiguous/Mixed,
23,22,0,1,0,0,0,1,1.0,0,,,Ambiguous/Mixed,
23,23,0,1,0,0,0,1,1.0,0,,,Ambiguous/Mixed,
23,3,439,2052,353,237,626,3707,0.7004283965728274,3705,2,-0.0473521939052393,Mono_CD16,cDC2_CD33
23,4,128,254,109,547,574,1612,0.5397574123989218,1612,1,-0.0102247578950715,Macrophage_family,Monocyte_family
23,5,23,2,10,120,109,264,0.5062240663900415,264,22,-0.0001513522855599,Ambiguous/Mixed,Ambiguous/Mixed
23,6,15,915,23,133,127,1213,0.8747913188647746,1211,2,-0.0307070420245825,DC_pDC,cDC2_CD33
23,7,224,71,74,252,330,951,0.4442916093535076,951,1,-0.0155405206370441,Ambiguous/Mixed,Monocyte_family
23,8,10,40,22,255,107,434,0.6957547169811321,434,11,-0.0015010168700506,Ambiguous/Mixed,Macrophage_family
23,9,14,17,4,67,47,149,0.6222222222222222,149,1,-0.0027091838523254,Ambiguous/Mixed,Monocyte_family
24,1,4838,6372,760,4441,3594,20005,0.712929386167337,20001,16,-0.0002719767870138,Mono_CD16,Ambiguous/Mixed
24,10,1,272,17,1,23,314,0.8722044728434505,314,5,-0.0036241298211355,Ambiguous/Mixed,Ambiguous/Mixed
24,11,0,0,0,0,1,1,0.0,1,,,Ambiguous/Mixed,
24,12,0,1,1,2,1,5,0.6,5,,,Mac_SPP1,
24,13,2,0,2,2,2,8,0.3333333333333333,8,,,DC_family,
24,14,2,0,0,0,0,2,,2,,,Ambiguous/Mixed,
24,16,5,15,2,0,0,22,0.8823529411764706,22,1,-0.0725081481079296,Ambiguous/Mixed,Mono_CD16
24,17,1,0,0,0,1,2,0.0,2,,,Ambiguous/Mixed,
24,18,1,1,0,0,1,3,0.5,2,,,Ambiguous/Mixed,
24,2,258,665,518,789,825,3055,0.5198426885949231,3053,17,-0.0001405029399986,Ambiguous/Mixed,Ambiguous/Mixed
24,20,1,1,2,0,1,5,0.25,5,,,DC_family,
24,21,1,1,0,0,0,2,1.0,1,,,Ambiguous/Mixed,
24,22,0,1,0,0,0,1,1.0,0,,,Ambiguous/Mixed,
24,3,29,64,68,174,171,506,0.4989517819706499,506,16,-0.0002628096738567,Ambiguous/Mixed,Ambiguous/Mixed
24,4,2,871,170,29,91,1163,0.7751937984496124,1162,9,-0.0288357479996488,DC_pDC,Ambiguous/Mixed
24,5,62,91,148,36,122,459,0.3198992443324937,459,1,-0.0047031885601665,Ambiguous/Mixed,Mono_CD16
24,6,61,67,57,22,57,264,0.43842364532019706,260,1,-0.0304580208714886,Ambiguous/Mixed,Mono_CD16
24,7,9,158,95,24,49,335,0.558282208588957,335,8,-0.0455923187495996,DC_family,DC_family
24,8,14,21,74,52,67,228,0.3411214953271028,228,7,-0.0341423420705619,DC_family,DC_family
24,9,2,0,37,6,19,64,0.0967741935483871,64,4,-0.0428119672661826,Ambiguous/Mixed,DC_pDC
25,1,452,176,239,825,1105,2797,0.42686567164179107,2797,22,-0.0001129193674696,Ambiguous/Mixed,Ambiguous/Mixed
25,10,17,10,43,77,109,256,0.36401673640167365,256,8,-0.0225592281721201,Ambiguous/Mixed,Ambiguous/Mixed
25,11,22,0,5,6,18,51,0.20689655172413793,51,2,-0.0105640702014702,Ambiguous/Mixed,DC_family
25,12,18,0,2,18,10,48,0.6,48,4,-0.018586030206624,Ambiguous/Mixed,DC_pDC
25,13,21,19,5,4,15,64,0.5348837209302325,63,9,-0.025717286891471,Ambiguous/Mixed,Ambiguous/Mixed
25,14,0,199,152,1,48,400,0.5,400,4,-0.1467701712371309,Ambiguous/Mixed,DC_pDC
25,15,2,1,1,0,2,6,0.25,5,,,Ambiguous/Mixed,
25,16,7,1,4,0,3,15,0.125,14,4,-0.0126336894286207,Ambiguous/Mixed,DC_pDC
25,17,3,0,2,0,3,8,0.0,8,,,Ambiguous/Mixed,
25,19,9,0,7,11,26,53,0.25,53,3,-0.0129405419271265,Ambiguous/Mixed,Ambiguous/Mixed
25,2,920,107,563,1639,1586,4815,0.44826700898587934,4815,4,-0.0132128445323611,DC_family,DC_pDC
25,20,0,1,0,1,3,5,0.4,5,,,Ambiguous/Mixed,
25,21,0,0,0,1,2,3,0.3333333333333333,3,,,Ambiguous/Mixed,
25,22,3,0,3,2,3,11,0.25,11,3,-0.0332073186170969,Ambiguous/Mixed,Ambiguous/Mixed
25,23,2,10,1,0,0,13,0.9090909090909091,11,2,-0.0435879650741522,Ambiguous/Mixed,DC_family
25,24,2,0,1,0,0,3,0.0,3,,,Ambiguous/Mixed,
25,3,1131,96,843,2285,2353,6708,0.4269320423166577,6708,6,-0.009880451618158,Ambiguous/Mixed,Ambiguous/Mixed
25,4,1914,285,1097,1323,2286,6905,0.3221799238629533,6905,2,-0.016669087096854,DC_pDC,DC_family
25,5,86,280,90,354,584,1394,0.4847094801223242,1391,6,-0.0007114777962988,Mac_IL1B,Ambiguous/Mixed
25,6,605,209,376,315,716,2221,0.32425742574257427,2220,3,-0.0188709622732219,Ambiguous/Mixed,Ambiguous/Mixed
25,7,24,303,5,5,8,345,0.9595015576323987,345,19,-0.0026697831913822,Mast,Ambiguous/Mixed
25,8,21,53,54,29,68,225,0.4019607843137255,224,10,-0.0398042899065693,Ambiguous/Mixed,Ambiguous/Mixed
25,9,30,1,5,39,23,98,0.5882352941176471,98,13,-0.0074978827919378,Ambiguous/Mixed,Ambiguous/Mixed
26,1,1373,676,1320,3967,3659,10995,0.48254001247141964,10974,4,-0.0080287655845137,Ambiguous/Mixed,Ambiguous/Mixed
26,10,9,12,8,8,9,46,0.5405405405405406,45,6,-0.0208079382131984,Ambiguous/Mixed,Ambiguous/Mixed
26,11,1,0,0,0,1,2,0.0,2,,,Ambiguous/Mixed,
26,12,1,3,1,0,1,6,0.6,6,,,Ambiguous/Mixed,
26,14,79,80,54,5,72,290,0.4028436018957346,290,2,-0.0764157975713115,Ambiguous/Mixed,Ambiguous/Mixed
26,15,1,0,0,0,0,1,,1,,,Mac_SPP1,
26,16,88,0,38,82,114,322,0.3504273504273504,322,1,-0.0151661347025842,Ambiguous/Mixed,Ambiguous/Mixed
26,17,3,9,0,1,9,22,0.5263157894736842,22,2,-0.0137285304198934,Ambiguous/Mixed,Ambiguous/Mixed
26,18,92,8,35,24,90,249,0.20382165605095542,249,3,-0.0089761455951029,Ambiguous/Mixed,Ambiguous/Mixed
26,19,0,0,0,0,1,1,0.0,1,,,Ambiguous/Mixed,
26,2,2162,456,1118,1088,2781,7605,0.28366709535182805,7604,1,-0.0105661298100989,Ambiguous/Mixed,Ambiguous/Mixed
26,20,21,24,20,28,47,140,0.4369747899159664,140,3,-0.0080706058858265,Ambiguous/Mixed,Ambiguous/Mixed
26,21,0,1,0,1,4,6,0.3333333333333333,6,,,Ambiguous/Mixed,
26,22,1,3,0,1,2,7,0.6666666666666666,7,,,Ambiguous/Mixed,
26,23,2,2,0,0,3,7,0.4,6,,,Macrophage_family,
26,24,0,0,1,4,0,5,0.8,5,,,Macrophage_family,
26,25,1,0,1,1,2,5,0.25,5,,,Ambiguous/Mixed,
26,26,10,0,0,1,6,17,0.14285714285714285,1,,,Ambiguous/Mixed,
26,3,47,4,14,32,49,146,0.36363636363636365,146,18,-0.001352596736885,Ambiguous/Mixed,Ambiguous/Mixed
26,4,1318,115,1162,1048,2370,6013,0.24771033013844515,5978,1,-0.0141795477391232,Ambiguous/Mixed,Ambiguous/Mixed
26,5,23,299,14,11,13,360,0.9198813056379822,360,25,-0.0124082869266284,Mast,Ambiguous/Mixed
26,6,17,11,13,15,14,70,0.49056603773584906,70,4,-0.0132844475593665,Ambiguous/Mixed,Ambiguous/Mixed
26,7,26,3,10,35,31,105,0.4810126582278481,105,26,-0.0019572769267136,Ambiguous/Mixed,Ambiguous/Mixed
26,8,5,1,1,0,2,9,0.25,9,,,Ambiguous/Mixed,
26,9,9,1,1,1,3,15,0.3333333333333333,15,1,-0.0233553981988479,Ambiguous/Mixed,Ambiguous/Mixed
27,1,2689,462,2003,5290,5541,15985,0.4326113116726835,15985,3,-0.0082229677647334,Ambiguous/Mixed,Ambiguous/Mixed
27,10,6,10,4,5,10,35,0.5172413793103449,33,7,-0.0189965938928827,Ambiguous/Mixed,Ambiguous/Mixed
27,11,169,174,122,48,271,784,0.36097560975609755,784,18,-0.0227889001424287,Ambiguous/Mixed,Ambiguous/Mixed
27,12,8,1,3,2,4,18,0.3,15,8,-0.0154009217919485,Ambiguous/Mixed,Ambiguous/Mixed
27,13,76,27,119,100,292,614,0.23605947955390336,527,1,-0.0187757213765237,Ambiguous/Mixed,Ambiguous/Mixed
27,14,0,0,1,0,1,2,0.0,2,,,Ambiguous/Mixed,
27,15,3,2,1,0,1,7,0.5,6,,,Ambiguous/Mixed,
27,16,135,47,74,38,182,476,0.24926686217008798,476,2,-0.0092427479308253,Ambiguous/Mixed,Ambiguous/Mixed
27,17,4,2,0,0,5,11,0.2857142857142857,10,13,-0.0083554387819003,Macrophage_family,Ambiguous/Mixed
27,18,30,100,59,2,57,248,0.46788990825688076,248,11,-0.0471656379276811,Ambiguous/Mixed,Ambiguous/Mixed
27,19,104,11,9,8,72,204,0.19,204,2,-0.0080982352225916,Ambiguous/Mixed,Ambiguous/Mixed
27,2,32,3,15,19,29,98,0.3333333333333333,98,27,-0.0032450685166977,Ambiguous/Mixed,Ambiguous/Mixed
27,20,0,0,1,0,0,1,0.0,1,,,Ambiguous/Mixed,
27,21,3,0,1,0,3,7,0.0,7,,,Ambiguous/Mixed,
27,22,0,1,0,0,3,4,0.25,4,,,Ambiguous/Mixed,
27,23,4,5,2,1,5,17,0.46153846153846156,16,7,-0.0261760192880871,Ambiguous/Mixed,Ambiguous/Mixed
27,24,0,0,1,1,2,4,0.25,4,,,Macrophage_family,
27,26,2,0,0,1,0,3,1.0,3,,,Ambiguous/Mixed,
27,27,2,5,0,1,0,8,1.0,8,,,Ambiguous/Mixed,
27,3,1759,149,1214,627,2251,6000,0.18297571327517095,6000,1,-0.0212087500744232,Ambiguous/Mixed,Ambiguous/Mixed
27,4,17,306,13,6,10,352,0.9313432835820895,352,16,-0.0059768831761378,Mast,Ambiguous/Mixed
27,5,8,0,2,3,4,17,0.3333333333333333,17,4,-0.0097537353159855,Ambiguous/Mixed,Mast
27,6,12,1,4,7,17,41,0.27586206896551724,41,5,-0.0114842662596554,Ambiguous/Mixed,Ambiguous/Mixed
27,7,24,5,5,26,28,88,0.484375,88,16,-0.0015708261971835,Ambiguous/Mixed,Ambiguous/Mixed
27,8,192,210,202,282,506,1392,0.41,1392,11,-0.005978309755254,Ambiguous/Mixed,Ambiguous/Mixed
27,9,10,8,1,2,7,28,0.5555555555555556,28,2,-0.0165406138753927,DC_family,Ambiguous/Mixed
28,1,5251,14741,348,2822,1159,24321,0.920975353959098,24317,24,-0.0001283773275233,Ambiguous/Mixed,Ambiguous/Mixed
28,10,1,206,60,4,16,287,0.7342657342657343,287,1,-0.0385877307957846,Ambiguous/Mixed,Ambiguous/Mixed
28,11,0,0,7,0,2,9,0.0,9,,,Ambiguous/Mixed,
28,13,3,5,2,0,0,10,0.7142857142857143,10,2,-0.0073668631274896,Ambiguous/Mixed,DC_family
28,14,0,2,12,2,4,20,0.2,20,10,-0.0884619126533995,Ambiguous/Mixed,Ambiguous/Mixed
28,15,0,1,3,0,0,4,0.25,4,,,Ambiguous/Mixed,
28,16,5,7,6,0,3,21,0.4375,20,1,-0.1267613699702299,Ambiguous/Mixed,Ambiguous/Mixed
28,18,1,1,1,0,0,3,0.5,2,,,Ambiguous/Mixed,
28,19,0,1,4,0,2,7,0.14285714285714285,7,,,Ambiguous/Mixed,
28,2,19,283,40,89,93,524,0.7366336633663366,523,8,-0.0018520006496181,DC_family,Ambiguous/Mixed
28,22,0,1,0,0,0,1,1.0,1,,,Macrophage_family,
28,24,0,1,1,0,1,3,0.3333333333333333,1,,,Ambiguous/Mixed,
28,25,0,1,0,0,0,1,1.0,1,,,Ambiguous/Mixed,
28,28,0,2,3,0,1,6,0.3333333333333333,4,,,Ambiguous/Mixed,
28,3,1,33,73,18,21,146,0.35172413793103446,146,9,-0.054165084065724,Ambiguous/Mixed,Ambiguous/Mixed
28,4,1,293,115,24,63,496,0.6404040404040404,495,9,-0.0574239028279048,Ambiguous/Mixed,Ambiguous/Mixed
28,5,0,0,1,0,0,1,0.0,1,,,Ambiguous/Mixed,
28,6,1,0,0,0,0,1,,1,,,Ambiguous/Mixed,
28,7,4,1,0,1,0,6,1.0,6,,,Ambiguous/Mixed,
28,8,1,0,0,0,0,1,,1,,,Ambiguous/Mixed,
28,9,1,271,194,1,109,576,0.47304347826086957,576,4,-0.0361147158804411,Ambiguous/Mixed,Ambiguous/Mixed
29,1,2546,17,1678,4592,5531,14364,0.3899983076662718,14364,10,-0.0002881738498992,Ambiguous/Mixed,Ambiguous/Mixed
29,10,164,137,179,22,207,709,0.29174311926605506,709,12,-0.0486758457034949,Ambiguous/Mixed,Ambiguous/Mixed
29,11,276,0,148,26,281,731,0.05714285714285714,731,4,-0.0099132283342576,Ambiguous/Mixed,Ambiguous/Mixed
29,12,9,203,203,0,99,514,0.401980198019802,514,10,-0.0735670608727301,Ambiguous/Mixed,Ambiguous/Mixed
29,13,52,27,117,8,108,312,0.1346153846153846,312,12,-0.0353204510256549,Ambiguous/Mixed,Ambiguous/Mixed
29,14,1,0,0,0,0,1,,1,,,Ambiguous/Mixed,
29,15,1,2,1,0,2,6,0.4,6,,,Ambiguous/Mixed,
29,16,0,0,1,0,0,1,0.0,1,,,Ambiguous/Mixed,
29,17,5,0,5,0,0,10,0.0,9,,,Ambiguous/Mixed,
29,18,0,0,0,0,1,1,0.0,1,,,Macrophage_family,
29,19,8,14,0,0,5,27,0.7368421052631579,17,6,-0.0148433899418132,Ambiguous/Mixed,Ambiguous/Mixed
29,2,1027,46,442,1400,1627,4542,0.4113798008534851,4542,3,-0.0101899534951129,Ambiguous/Mixed,DC_family
29,21,2,1,1,0,2,6,0.25,6,,,Macrophage_family,
29,22,14,4,6,2,18,44,0.2,23,13,-0.0117493257520664,Ambiguous/Mixed,Ambiguous/Mixed
29,24,2,1,5,0,1,9,0.14285714285714285,9,,,Ambiguous/Mixed,
29,25,0,1,0,0,1,2,0.5,2,,,Ambiguous/Mixed,
29,26,0,0,0,0,2,2,0.0,2,,,Ambiguous/Mixed,
29,28,2,0,0,0,2,4,0.0,4,,,Ambiguous/Mixed,
29,29,1,0,0,0,0,1,,1,,,Ambiguous/Mixed,
29,3,807,270,736,456,1364,3633,0.25690021231422505,3631,2,-0.0222672618561887,DC_family,Ambiguous/Mixed
29,4,30,10,5,21,14,80,0.62,80,17,-0.0087530061206594,Ambiguous/Mixed,Ambiguous/Mixed
29,5,6,0,1,1,3,11,0.2,11,10,-0.0114078956153312,Ambiguous/Mixed,Ambiguous/Mixed
29,6,29,6,10,39,28,112,0.5421686746987951,111,19,-0.0039889668282369,Ambiguous/Mixed,Ambiguous/Mixed
29,7,9,3,5,3,10,30,0.2857142857142857,29,8,-0.0072792022005891,Ambiguous/Mixed,Ambiguous/Mixed
29,8,290,97,199,45,337,968,0.20943952802359883,816,2,-0.0070257883183364,Ambiguous/Mixed,Ambiguous/Mixed
29,9,8,290,9,1,16,324,0.9208860759493671,324,28,-0.008137706421871,Ambiguous/Mixed,Ambiguous/Mixed
30,1,4594,176,2577,6310,8825,22482,0.36258944543828264,22482,6,-0.0018994648363616,Ambiguous/Mixed,Ambiguous/Mixed
30,11,0,0,0,0,1,1,0.0,1,,,Ambiguous/Mixed,
30,12,67,3,74,3,96,243,0.03409090909090909,243,4,-0.0119192821672429,Ambiguous/Mixed,Ambiguous/Mixed
30,14,0,0,1,0,2,3,0.0,3,,,Ambiguous/Mixed,
30,15,3,84,24,0,4,115,0.75,113,6,-0.0582204406732365,Ambiguous/Mixed,Ambiguous/Mixed
30,16,1,0,0,0,0,1,,1,,,Ambiguous/Mixed,
30,19,1,1,1,0,2,5,0.25,5,,,Macrophage_family,
30,2,389,30,189,248,335,1191,0.34663341645885287,1190,12,-0.0005171104478937,Ambiguous/Mixed,Ambiguous/Mixed
30,21,0,0,1,0,0,1,0.0,1,,,Ambiguous/Mixed,
30,22,0,2,3,0,0,5,0.4,5,,,DC_family,
30,23,6,0,0,0,3,9,0.0,9,,,Ambiguous/Mixed,
30,24,0,3,1,0,2,6,0.5,6,,,Ambiguous/Mixed,
30,25,10,0,1,0,1,12,0.0,12,2,-0.0183200363434093,Ambiguous/Mixed,Ambiguous/Mixed
30,26,0,1,1,0,1,3,0.3333333333333333,3,,,Ambiguous/Mixed,
30,28,1,0,0,0,0,1,,1,,,Ambiguous/Mixed,
30,29,0,1,0,0,1,2,0.5,2,,,Ambiguous/Mixed,
30,3,13,2,8,5,6,34,0.3333333333333333,34,24,-0.0159859401002014,Ambiguous/Mixed,Ambiguous/Mixed
30,4,6,0,2,4,3,15,0.4444444444444444,15,6,-0.0017753686029561,Ambiguous/Mixed,Ambiguous/Mixed
30,5,7,185,54,1,3,250,0.7654320987654321,250,7,-0.1425264259071243,Ambiguous/Mixed,Ambiguous/Mixed
30,6,127,461,548,30,379,1545,0.346262341325811,1545,8,-0.0366106637775547,Ambiguous/Mixed,Ambiguous/Mixed
30,7,0,33,39,0,1,73,0.4520547945205479,73,5,-0.2102658601473227,Ambiguous/Mixed,Ambiguous/Mixed
30,8,63,148,155,9,71,446,0.40992167101827676,370,6,-0.1541012015416536,Ambiguous/Mixed,Ambiguous/Mixed
30,9,1,0,0,0,0,1,,1,,,Ambiguous/Mixed,
31,1,542,15,312,463,775,2107,0.30543130990415335,2106,20,-0.000133868687729,DC_family,Ambiguous/Mixed
31,10,4,1,2,0,2,9,0.2,8,,,Ambiguous/Mixed,
31,11,0,2,1,0,1,4,0.5,3,,,Ambiguous/Mixed,
31,13,5,0,3,0,2,10,0.0,10,1,-0.0272728316662579,Ambiguous/Mixed,DC_family
31,14,1,1,0,3,2,7,0.6666666666666666,7,,,Macrophage_family,
31,15,9,93,25,0,17,144,0.6888888888888889,124,5,-0.0955170466503324,Ambiguous/Mixed,Ambiguous/Mixed
31,16,1,0,0,1,2,4,0.3333333333333333,4,,,Ambiguous/Mixed,
31,17,0,0,1,0,2,3,0.0,3,,,Ambiguous/Mixed,
31,18,0,1,0,0,1,2,0.5,2,,,Ambiguous/Mixed,
31,19,7,8,2,1,3,21,0.6428571428571429,20,1,-0.0320683141337708,Ambiguous/Mixed,DC_family
31,2,2146,85,1136,2381,3493,9241,0.347568710359408,9241,3,-0.0062492596485253,Ambiguous/Mixed,Ambiguous/Mixed
31,21,1,1,0,0,0,2,1.0,2,,,Ambiguous/Mixed,
31,22,0,0,0,0,2,2,0.0,2,,,Ambiguous/Mixed,
31,23,3,0,0,0,3,6,0.0,3,,,Ambiguous/Mixed,
31,24,0,0,0,0,1,1,0.0,1,,,Ambiguous/Mixed,
31,26,0,2,0,0,3,5,0.4,4,,,Ambiguous/Mixed,
31,27,4,0,2,0,1,7,0.0,7,,,Ambiguous/Mixed,
31,3,1319,134,1068,3080,3301,8902,0.423842806277199,8899,2,-0.0064716078295457,Ambiguous/Mixed,Ambiguous/Mixed
31,30,0,1,2,1,1,5,0.4,5,,,Ambiguous/Mixed,
31,31,0,0,0,0,1,1,0.0,1,,,DC_family,
31,4,99,27,64,197,180,567,0.47863247863247865,566,19,-0.000737097098133,Mac_SPP1,Ambiguous/Mixed
31,5,1078,625,836,653,1686,4878,0.33631578947368423,4840,2,-0.0132511980871278,Ambiguous/Mixed,Ambiguous/Mixed
31,6,38,9,25,35,32,139,0.43564356435643564,139,19,-0.0073078160059466,Ambiguous/Mixed,Ambiguous/Mixed
31,7,17,275,22,6,23,343,0.8619631901840491,343,10,-0.0159514224012707,Mast,Ambiguous/Mixed
31,8,13,2,3,8,6,32,0.5263157894736842,32,19,-0.0006601925421375,DC_family,Ambiguous/Mixed
31,9,2,0,0,0,0,2,,2,,,Ambiguous/Mixed,
32,1,5194,3322,2995,6042,8135,25688,0.4569142187957451,25688,16,-0.0006847377832324,DC_pDC,Ambiguous/Mixed
32,10,3,4,0,0,5,12,0.4444444444444444,12,1,-0.0091041975016588,Ambiguous/Mixed,DC_pDC
32,11,2,0,3,0,2,7,0.0,7,,,Ambiguous/Mixed,
32,14,1,0,1,0,0,2,0.0,2,,,Ambiguous/Mixed,
32,16,20,53,15,2,15,105,0.6470588235294118,84,1,-0.0790672874076692,Ambiguous/Mixed,DC_pDC
32,17,0,5,8,8,13,34,0.38235294117647056,34,8,-0.0346846092632287,Ambiguous/Mixed,Ambiguous/Mixed
32,18,8,48,9,3,7,75,0.7611940298507462,72,1,-0.1341773018281471,Ambiguous/Mixed,DC_pDC
32,19,1,39,12,8,22,82,0.5802469135802469,82,8,-0.0595448026638422,Ambiguous/Mixed,Ambiguous/Mixed
32,2,6,0,1,1,1,9,0.3333333333333333,9,,,Ambiguous/Mixed,
32,20,0,1,0,0,3,4,0.25,4,,,Ambiguous/Mixed,
32,21,0,2,2,0,0,4,0.5,3,,,Ambiguous/Mixed,
32,22,2,19,6,1,4,32,0.6666666666666666,32,1,-0.0851133533235702,Ambiguous/Mixed,DC_pDC
32,23,0,1,0,0,6,7,0.14285714285714285,7,,,Ambiguous/Mixed,
32,25,2,1,1,0,1,5,0.3333333333333333,5,,,Ambiguous/Mixed,
32,27,0,1,1,0,0,2,0.5,2,,,Ambiguous/Mixed,
32,29,0,0,0,0,1,1,0.0,1,,,Ambiguous/Mixed,
32,3,7,3,5,3,9,27,0.3,27,14,-0.0021220049972603,Ambiguous/Mixed,Ambiguous/Mixed
32,30,0,0,1,0,3,4,0.0,4,,,Ambiguous/Mixed,
32,4,6,8,4,2,4,24,0.5555555555555556,24,3,-0.0064141645591202,Ambiguous/Mixed,Ambiguous/Mixed
32,5,8,2,4,2,5,21,0.3076923076923077,21,6,-0.0091757605492198,Ambiguous/Mixed,Ambiguous/Mixed
32,6,22,21,16,23,22,104,0.5365853658536586,101,10,-0.0018681158537177,Ambiguous/Mixed,Ambiguous/Mixed
32,7,5,2,2,1,0,10,0.6,10,4,-0.0360658548188305,DC_family,Ambiguous/Mixed
32,8,2,142,32,1,8,185,0.7814207650273224,185,19,-0.0344417679242279,Ambiguous/Mixed,Ambiguous/Mixed
33,1,796,21,469,589,799,2674,0.3248136315228967,2673,19,-0.0002256703869207,Ambiguous/Mixed,Ambiguous/Mixed
33,10,6,173,68,1,14,262,0.6796875,262,4,-0.0493197127970929,Ambiguous/Mixed,Ambiguous/Mixed
33,11,2,0,0,0,2,4,0.0,4,,,DC_family,
33,12,84,0,37,63,159,343,0.24324324324324326,343,2,-0.0075749952501595,Ambiguous/Mixed,Ambiguous/Mixed
33,13,0,0,4,2,3,9,0.2222222222222222,9,,,Ambiguous/Mixed,
33,14,0,0,0,1,0,1,1.0,1,,,Macrophage_family,
33,15,81,0,24,9,58,172,0.0989010989010989,172,1,-0.0124650956188141,Ambiguous/Mixed,Ambiguous/Mixed
33,16,4,3,0,0,2,9,0.6,9,,,DC_family,
33,17,0,0,3,1,1,5,0.2,5,,,Ambiguous/Mixed,
33,18,0,0,0,0,2,2,0.0,2,,,Ambiguous/Mixed,
33,19,4,12,4,0,6,26,0.5454545454545454,26,7,-0.0305795230280663,Ambiguous/Mixed,Ambiguous/Mixed
33,2,1886,443,1549,4135,4593,12606,0.42705223880597015,12604,3,-0.0097581174959032,Ambiguous/Mixed,DC_pDC
33,20,16,2,4,1,30,53,0.08108108108108109,53,1,-0.0114999727348349,DC_family,Ambiguous/Mixed
33,21,0,1,1,0,0,2,0.5,2,,,Ambiguous/Mixed,
33,22,3,2,13,0,1,19,0.125,19,10,-0.1075687417447844,Ambiguous/Mixed,Ambiguous/Mixed
33,24,0,5,13,0,2,20,0.25,20,10,-0.1257090707286811,Ambiguous/Mixed,Ambiguous/Mixed
33,25,2,7,10,0,3,22,0.35,15,3,-0.0465342665396692,Ambiguous/Mixed,DC_pDC
33,3,2304,622,1492,1702,3771,9891,0.30631343086859103,9889,2,-0.0133470849661207,DC_pDC,Ambiguous/Mixed
33,30,1,1,0,0,2,4,0.3333333333333333,0,,,Ambiguous/Mixed,
33,32,0,1,0,0,0,1,1.0,1,,,Ambiguous/Mixed,
33,4,27,4,21,9,20,81,0.24074074074074073,81,10,-0.0244348935447651,Ambiguous/Mixed,Ambiguous/Mixed
33,5,12,5,2,7,7,33,0.5714285714285714,33,15,-0.0021301062311795,Ambiguous/Mixed,Ambiguous/Mixed
33,6,20,2,17,20,12,71,0.43137254901960786,70,2,-0.0134444432472396,Ambiguous/Mixed,Ambiguous/Mixed
33,7,36,2,13,39,32,122,0.47674418604651164,122,3,-0.0094963180240087,Ambiguous/Mixed,DC_pDC
33,8,3,3,2,1,0,9,0.6666666666666666,8,,,Ambiguous/Mixed,
33,9,2,0,0,1,0,3,1.0,3,,,Ambiguous/Mixed,
34,1,2716,130,1220,5592,6011,15669,0.44175094572685863,15669,10,-0.0039085988388747,Ambiguous/Mixed,Ambiguous/Mixed
34,10,21,11,34,0,28,94,0.1506849315068493,94,1,-0.0156304683462827,Ambiguous/Mixed,Ambiguous/Mixed
34,11,17,10,16,13,29,85,0.3382352941176471,84,5,-0.0072728802530745,Ambiguous/Mixed,Ambiguous/Mixed
34,12,10,0,6,1,7,24,0.07142857142857142,24,6,-0.0092574558578811,Ambiguous/Mixed,Mast
34,13,11,2,6,1,8,28,0.17647058823529413,28,1,-0.0115458287094249,Ambiguous/Mixed,Ambiguous/Mixed
34,15,197,5,63,2,117,384,0.0374331550802139,238,2,-0.0238253431638031,Ambiguous/Mixed,DC_family
34,16,6,0,2,1,4,13,0.14285714285714285,13,5,-0.0102452377747629,Ambiguous/Mixed,Ambiguous/Mixed
34,17,1,7,2,1,4,15,0.5714285714285714,13,2,-0.0108697970139517,Ambiguous/Mixed,DC_family
34,18,0,122,28,1,16,167,0.7365269461077845,167,6,-0.0596180418893826,Ambiguous/Mixed,Mast
34,19,0,1,1,1,2,5,0.4,5,,,Ambiguous/Mixed,
34,2,781,13,352,462,779,2387,0.2957658779576588,2386,15,-0.000629126044009,DC_family,Ambiguous/Mixed
34,21,2,1,1,2,0,6,0.75,6,,,Macrophage_family,
34,22,2,21,13,1,13,50,0.4583333333333333,46,9,-0.0194839975840841,Ambiguous/Mixed,Ambiguous/Mixed
34,23,0,0,1,0,3,4,0.0,4,,,Ambiguous/Mixed,
34,25,1,0,0,0,1,2,0.0,2,,,Ambiguous/Mixed,
34,26,1,1,0,0,0,2,1.0,2,,,Ambiguous/Mixed,
34,28,1,1,2,1,1,6,0.4,6,,,Ambiguous/Mixed,
34,3,151,332,243,223,717,1666,0.36633663366336633,1666,15,-0.0001798402390966,Mac_IL1B,Ambiguous/Mixed
34,31,0,0,2,0,0,2,0.0,2,,,Ambiguous/Mixed,
34,4,34,10,35,125,127,331,0.45454545454545453,331,10,-0.0015977823247998,Ambiguous/Mixed,Ambiguous/Mixed
34,5,695,353,880,339,1169,3436,0.25246260488872674,3436,9,-0.0194103779410318,Ambiguous/Mixed,Ambiguous/Mixed
34,6,17,99,32,5,14,167,0.6933333333333334,167,18,-0.0481626131050105,Mast,Ambiguous/Mixed
34,7,9,3,4,6,3,25,0.5625,25,17,-0.0188058356537382,DC_family,Ambiguous/Mixed
34,8,15,0,9,3,13,40,0.12,40,11,-0.0051192531264286,Ambiguous/Mixed,Ambiguous/Mixed
34,9,601,157,413,57,608,1836,0.17327935222672064,1836,5,-0.0382222973492687,Ambiguous/Mixed,Ambiguous/Mixed
35,1,2804,756,1327,5112,5961,15960,0.4460322286409243,15960,5,-0.0045749420595529,DC_pDC,Ambiguous/Mixed
35,10,10,5,8,5,7,35,0.4,35,16,-0.0061292103661456,DC_family,Ambiguous/Mixed
35,11,65,62,201,55,285,668,0.19402985074626866,668,15,-0.0183331812292237,Ambiguous/Mixed,Ambiguous/Mixed
35,12,12,3,49,46,85,195,0.2677595628415301,195,11,-0.0025347115110749,Ambiguous/Mixed,Ambiguous/Mixed
35,13,12,155,24,1,6,198,0.8387096774193549,198,9,-0.0626473506212981,Ambiguous/Mixed,Mast
35,14,20,4,20,24,25,93,0.3835616438356164,93,7,-0.0091076810393937,Ambiguous/Mixed,Ambiguous/Mixed
35,15,34,79,225,38,226,602,0.20598591549295775,602,11,-0.0134281717214805,Ambiguous/Mixed,Ambiguous/Mixed
35,16,87,8,89,40,85,309,0.21621621621621623,308,1,-0.0073849787809422,Ambiguous/Mixed,DC_pDC
35,17,5,1,1,1,8,16,0.18181818181818182,16,5,-0.0115723156438404,Ambiguous/Mixed,Ambiguous/Mixed
35,18,44,123,154,32,234,587,0.285451197053407,531,1,-0.0501283583493213,Ambiguous/Mixed,DC_pDC
35,19,6,2,0,0,2,10,0.5,9,,,Ambiguous/Mixed,
35,2,675,2,223,497,679,2076,0.3561741613133476,2076,16,-0.0003234980596309,Ambiguous/Mixed,Ambiguous/Mixed
35,20,11,3,6,0,11,31,0.15,28,3,-0.0056117029252092,Ambiguous/Mixed,Ambiguous/Mixed
35,21,6,0,1,0,2,9,0.0,8,,,Ambiguous/Mixed,
35,22,2,1,1,1,0,5,0.6666666666666666,5,,,DC_family,
35,23,0,0,0,0,1,1,0.0,1,,,Macrophage_family,
35,24,0,0,1,0,1,2,0.0,2,,,Ambiguous/Mixed,
35,25,0,0,1,1,1,3,0.3333333333333333,3,,,Ambiguous/Mixed,
35,26,0,0,1,0,0,1,0.0,1,,,Ambiguous/Mixed,
35,27,0,0,0,0,1,1,0.0,1,,,Ambiguous/Mixed,
35,28,0,1,0,0,1,2,0.5,2,,,Ambiguous/Mixed,
35,29,1,1,0,0,2,4,0.3333333333333333,4,,,Macrophage_family,
35,3,511,12,164,326,550,1563,0.32129277566539927,1563,16,-0.0001804418713072,Ambiguous/Mixed,Ambiguous/Mixed
35,31,0,0,4,0,3,7,0.0,7,,,Ambiguous/Mixed,
35,32,0,1,0,0,1,2,0.5,1,,,Ambiguous/Mixed,
35,33,0,0,1,0,1,2,0.0,2,,,Ambiguous/Mixed,
35,34,1,0,0,0,0,1,,1,,,Ambiguous/Mixed,
35,4,61,90,172,103,265,691,0.30634920634920637,690,29,-0.0001447929113666,Ambiguous/Mixed,Macrophage_family
35,5,830,9,596,276,1015,2726,0.15031645569620253,2726,1,-0.0079660131965879,Ambiguous/Mixed,DC_pDC
35,6,35,7,27,147,97,313,0.5539568345323741,313,8,-0.0019452311331379,Ambiguous/Mixed,Ambiguous/Mixed
35,7,33,13,18,7,26,97,0.3125,97,14,-0.0112674872967982,Ambiguous/Mixed,Ambiguous/Mixed
35,8,12,5,40,5,28,90,0.1282051282051282,90,2,-0.0161421318513695,Ambiguous/Mixed,Ambiguous/Mixed
35,9,12,75,25,2,30,144,0.5833333333333334,144,13,-0.0759260841601996,Mast,Ambiguous/Mixed
